GEN,CPU,pop1_Generation,pop1_E,pop1_Mu,pop1_Lambda,pop1_Tau,pop1_Sigma,pop1_EvalCount,pop1_DuplicateCount,pop1_CacheCount,pop1_OpUse_replacementMutation,pop1_MAB_replacementMutation,pop1_AvgAge,pop1_AvgIndSize,pop1_Avg_f0,pop1_Avg_f1,pop1_Avg_f2,pop1_Avg_f3,pop1_Avg_f4,pop1_Best_f0,pop1_Best_f1,pop1_Best_f2,pop1_Best_f3,pop1_Best_f4,pop1_Worst_f0,pop1_Worst_f1,pop1_Worst_f2,pop1_Worst_f3,pop1_Worst_f4
0,0,0,7.29634,20,16,2,0.99,40,0,0,0,0,0,90,1,0.299548,993.6,9867.35,0.278947,1,0.367347,996,9869,0.295617,1,0.230769,994,9866,0.29697
1,68,1,7.10264,20,16,1.95,0.99,56,0,0,16,0.693497,1,90,1,0.330341,994.2,9867.15,0.282379,1,0.367347,996,9869,0.295617,1,0.315789,994,9872,0.247706
2,90,2,7.07191,20,16,1.855,0.99,72,0,0,16,0.660137,1.8,90,1,0.333944,994.55,9867.45,0.286467,1,0.367347,996,9869,0.295617,1,0.322917,994,9875,0.298675
3,109,3,7.01748,20,16,1.7695,0.99,88,0,0,16,0.638225,2.45,90,1,0.337225,994.5,9867.05,0.286892,1,0.367347,996,9869,0.295617,1,0.326316,994,9865,0.289289
4,130,4,6.98462,20,16,1.69255,0.99,104,0,0,16,0.621848,3.15,90,1,0.340333,994.45,9866.7,0.287656,1,0.367347,996,9869,0.295617,1,0.329897,991,9872,0.275229
5,149,5,6.93915,20,16,1.62329,0.99,120,0,0,16,0.602419,3.55,90,1,0.342377,994.95,9866.25,0.292866,1,0.367347,996,9869,0.295617,1,0.329897,995,9860,0.306513
6,168,6,6.95116,20,16,1.56097,0.892,136,0,0,16,0.57143,3.8,90,1,0.34358,995.05,9867.1,0.291813,1,0.367347,996,9869,0.295617,1,0.329897,995,9868,0.304791
7,187,7,6.79728,20,16,1.50487,0.9018,152,0,0,16,0.571188,3.55,90,1,0.347155,995.3,9867.25,0.290355,1,0.367347,996,9869,0.295617,1,0.333333,995,9858,0.304143
8,205,8,6.71224,20,16,1.45438,0.91062,168,0,0,16,0.586096,3.8,90,1,0.353113,995.15,9865.15,0.29419,1,0.367347,996,9869,0.295617,1,0.340206,994,9862,0.293372
9,223,9,6.61383,20,16,1.40894,0.918558,184,0,0,16,0.589782,3.85,90,1,0.358629,995.5,9864.8,0.294,1,0.37,995,9859,0.306743,1,0.350515,996,9867,0.294597
10,241,10,6.55153,20,16,1.36805,0.925702,200,0,0,16,0.603329,3.2,90,1,0.363719,995.25,9863.05,0.291266,1,0.38,996,9861,0.308213,1,0.353535,995,9860,0.291188
11,258,11,6.66007,20,16,1.33124,0.932132,216,0,0,16,0.603412,2.8,90,1,0.366748,995.3,9863.5,0.290147,1,0.38,996,9861,0.308213,1,0.357143,994,9861,0.300483
12,276,12,6.61601,20,16,1.29812,0.937919,232,0,0,16,0.591589,3.15,90,1,0.367768,995.4,9863.6,0.290751,1,0.38,996,9861,0.308213,1,0.363636,994,9861,0.292754
13,293,13,6.48933,20,16,1.26831,0.943127,248,0,0,16,0.584211,3.7,90,1,0.368643,995.35,9863.4,0.292184,1,0.38,996,9861,0.308213,1,0.367347,995,9861,0.301449
14,311,14,6.55823,20,16,1.24148,0.947814,263,0,1,16,0.584596,4.3,90,1,0.369541,995.35,9864.5,0.2896,1,0.38,996,9861,0.308213,1,0.367347,995,9862,0.311891
15,328,15,6.38936,20,16,1.21733,0.952033,279,0,1,16,0.578854,4.25,90,1,0.369541,995.55,9865.25,0.285354,1,0.38,996,9861,0.308213,1,0.367347,995,9867,0.261978
16,346,16,6.36259,20,16,1.1956,0.95583,294,0,2,16,0.56812,4.85,90,1,0.369541,995.65,9864.95,0.284419,1,0.38,996,9861,0.308213,1,0.367347,996,9865,0.273273
17,365,17,6.38828,20,16,1.17604,0.959247,310,0,2,16,0.558519,5.5,90,1,0.370613,995.6,9865,0.288522,1,0.386139,996,9862,0.327485,1,0.367347,996,9866,0.269697
18,384,18,6.42269,20,16,1.15843,0.962322,326,0,2,16,0.557882,5.9,90,1,0.371246,995.55,9864.95,0.290896,1,0.386139,996,9862,0.327485,1,0.367347,996,9866,0.269697
19,402,19,6.49538,20,16,1.14259,0.96509,342,0,2,16,0.556213,4.7,90,1,0.372951,995.4,9865.6,0.296085,1,0.386139,996,9871,0.289501,1,0.367347,996,9867,0.262997
20,419,20,6.52364,20,16,1.12833,0.967581,358,0,2,16,0.552762,4.2,90,1,0.372132,995.3,9865.9,0.296585,1,0.386139,996,9871,0.289501,1,0.363636,995,9871,0.273191
21,439,21,6.55033,20,16,1.1155,0.969823,374,0,2,16,0.543939,4.7,90,1,0.372132,995.35,9866.1,0.297309,1,0.386139,996,9871,0.289501,1,0.363636,995,9871,0.273191
22,458,22,6.59585,20,16,1.10395,0.97184,390,0,2,16,0.54298,5.25,90,1,0.37327,995.35,9865.75,0.300312,1,0.386139,996,9871,0.289501,1,0.367347,996,9867,0.279307
23,476,23,6.57555,20,16,1.09355,0.973656,406,0,2,16,0.544267,4.55,90,1,0.375108,995.35,9865.85,0.303368,1,0.386139,996,9871,0.289501,1,0.37,994,9865,0.324324
24,495,24,6.65268,20,16,1.0842,0.975291,422,0,2,16,0.542012,4.05,90,1,0.375108,995.45,9864.6,0.305336,1,0.386139,996,9871,0.289501,1,0.37,994,9865,0.324324
25,513,25,6.62981,20,16,1.07999,0.975291,438,0,2,16,0.541493,4.4,90,1,0.376231,995.5,9865.35,0.303528,1,0.386139,996,9871,0.289501,1,0.37,995,9864,0.296627
26,532,26,6.68799,20,16,1.07199,0.878762,454,0,2,16,0.532937,4.55,90,1,0.376605,995.55,9865,0.302354,1,0.386139,996,9871,0.289501,1,0.37,995,9870,0.286442
27,549,27,6.66107,20,16,1.06479,0.889885,470,0,2,16,0.537595,4,90,1,0.379218,995.4,9865.9,0.299805,1,0.386139,996,9871,0.289501,1,0.37,997,9866,0.329293
28,567,28,6.63675,20,16,1.05831,0.899897,486,0,2,16,0.539744,3.85,90,1,0.38015,995.45,9866,0.297273,1,0.386139,996,9871,0.296636,1,0.373737,994,9864,0.304563
29,584,29,6.49666,20,16,1.05248,0.908907,502,0,2,16,0.538241,3.25,90,1,0.380594,995.7,9864.4,0.29996,1,0.386139,996,9871,0.296636,1,0.376238,995,9859,0.293447
30,601,30,6.51409,20,16,1.04723,0.917017,518,0,2,16,0.54041,3.65,90,1,0.382762,995.75,9865.35,0.299112,1,0.386139,996,9871,0.308868,1,0.38,995,9858,0.304143
31,619,31,6.52805,20,16,1.04251,0.924315,534,0,2,16,0.540809,4.15,90,1,0.383069,995.8,9865.9,0.298348,1,0.386139,996,9871,0.308868,1,0.38,995,9859,0.301994
32,636,32,6.47529,20,16,1.03826,0.930883,550,0,2,16,0.542702,3.95,90,1,0.384604,995.95,9867.25,0.298228,1,0.386139,996,9871,0.308868,1,0.38,995,9863,0.313668
33,653,33,6.44145,20,16,1.03443,0.936795,566,0,2,16,0.543879,3.25,90,1,0.385832,995.85,9866.6,0.303007,1,0.386139,996,9871,0.311927,1,0.38,997,9869,0.273191
34,671,34,6.44145,20,16,1.03099,0.844116,582,0,2,16,0.540046,4.25,90,1,0.385832,995.85,9866.6,0.303007,1,0.386139,996,9871,0.311927,1,0.38,997,9869,0.273191
35,688,35,6.385,20,16,1.02789,0.858704,598,0,2,16,0.53815,4.7,90,1,0.386139,995.85,9867.1,0.303659,1,0.386139,996,9872,0.294597,1,0.386139,995,9857,0.30719
36,705,36,6.2132,20,16,1.0265,0.858704,614,0,2,16,0.535277,4.75,90,1,0.386139,996,9868.9,0.301561,1,0.386139,996,9872,0.294597,1,0.386139,996,9862,0.302144
37,722,37,6.27009,20,16,1.02385,0.871834,629,0,3,16,0.534898,4.75,90,1,0.386139,996,9868.5,0.301205,1,0.386139,996,9872,0.294597,1,0.386139,996,9862,0.288499
38,739,38,6.02601,20,16,1.02146,0.88365,645,0,3,16,0.536094,4.65,90,1,0.386139,996,9870.2,0.299643,1,0.386139,996,9872,0.302752,1,0.386139,996,9868,0.286442
39,756,39,6.02684,20,16,1.01932,0.894285,661,0,3,16,0.537391,4.8,90,1,0.386139,996,9870.75,0.302599,1,0.386139,996,9872,0.302752,1,0.386139,996,9870,0.297655
40,773,40,6.07979,20,16,1.01738,0.903857,677,0,3,16,0.540267,4,90,1,0.386139,996,9871.05,0.302956,1,0.386139,996,9872,0.302752,1,0.386139,996,9870,0.297655
41,789,41,6.06952,20,16,1.01565,0.912471,693,0,3,16,0.541851,3.35,90,1,0.386139,996,9871.4,0.302752,1,0.386139,996,9872,0.302752,1,0.386139,996,9870,0.317023
42,806,42,6.09209,20,16,1.01408,0.920224,709,0,3,16,0.542546,3.5,90,1,0.386139,996,9871.6,0.303262,1,0.386139,996,9874,0.302752,1,0.386139,996,9871,0.299694
43,823,43,6.11165,20,16,1.01267,0.927202,725,0,3,16,0.542548,3.8,90,1,0.386139,996,9871.85,0.301427,1,0.386139,996,9874,0.302752,1,0.386139,996,9871,0.304791
44,840,44,6.14781,20,16,1.01141,0.835481,741,0,3,16,0.539741,4.5,90,1,0.386139,996,9871.85,0.301937,1,0.386139,996,9874,0.302752,1,0.386139,996,9871,0.30581
45,857,45,6.1647,20,16,1.01026,0.850933,756,0,4,16,0.53865,4.65,90,1,0.386139,996,9872,0.301121,1,0.386139,996,9874,0.302752,1,0.386139,996,9871,0.30683
46,873,46,6.16951,20,16,1.00924,0.86484,772,0,4,16,0.537754,5.05,90,1,0.386139,996,9872.1,0.30051,1,0.386139,996,9874,0.302752,1,0.386139,996,9871,0.311927
47,890,47,6.16217,20,16,1.00831,0.877356,788,0,4,16,0.536662,5.4,90,1,0.386139,996.05,9872.35,0.298012,1,0.386139,997,9874,0.299694,1,0.386139,996,9871,0.313965
48,907,48,6.1754,20,16,1.00748,0.88862,804,0,4,16,0.535002,5.05,90,1,0.386139,996.05,9872.4,0.298726,1,0.386139,997,9874,0.299694,1,0.386139,996,9872,0.287462
49,924,49,6.20296,20,16,1.00673,0.898758,820,0,4,16,0.53587,4.9,90,1,0.38644,996.05,9872.6,0.298624,1,0.392157,996,9872,0.299694,1,0.386139,996,9872,0.296636
50,941,50,6.20032,20,16,1.00606,0.907882,836,0,4,16,0.53453,4.9,90,1,0.38644,996.05,9872.6,0.298879,1,0.392157,996,9872,0.299694,1,0.386139,996,9872,0.301733
51,958,51,6.20747,20,16,1.00546,0.916094,852,0,4,16,0.532828,4.9,90,1,0.38644,996.05,9872.7,0.298879,1,0.392157,996,9872,0.299694,1,0.386139,996,9872,0.301733
52,975,52,6.22027,20,16,1.00491,0.923485,868,0,4,16,0.532752,5.35,90,1,0.38644,996.05,9872.75,0.298216,1,0.392157,996,9872,0.299694,1,0.386139,996,9872,0.301733
53,992,53,6.23575,20,16,1.00442,0.930136,884,0,4,16,0.533087,4.85,90,1,0.38644,996.05,9872.9,0.299592,1,0.392157,996,9872,0.299694,1,0.386139,996,9872,0.301733
54,1010,54,6.25861,20,16,1.00398,0.936123,900,0,4,16,0.530123,5.45,90,1,0.38644,996.05,9873,0.300255,1,0.392157,996,9872,0.299694,1,0.386139,996,9872,0.301733
55,1027,55,6.24838,20,16,1.00358,0.94151,916,0,4,16,0.527663,5.45,90,1,0.385819,996.1,9872.9,0.301376,1,0.392157,996,9872,0.299694,1,0.373737,996,9873,0.295617
56,1044,56,6.22681,20,16,1.00322,0.946359,932,0,4,16,0.528192,5.4,90,1,0.38644,996.1,9873.1,0.300561,1,0.392157,996,9872,0.299694,1,0.386139,996,9872,0.301733
57,1062,57,6.21249,20,16,1.0029,0.852723,948,0,4,16,0.52458,5.9,90,1,0.38644,996.05,9873,0.300408,1,0.392157,996,9872,0.299694,1,0.386139,996,9872,0.296636
58,1079,58,6.16683,20,16,1.00261,0.866451,964,0,4,16,0.524122,5.15,90,1,0.38644,996.1,9873.25,0.29684,1,0.392157,996,9872,0.299694,1,0.386139,996,9873,0.286442
59,1096,59,6.19213,20,16,1.00235,0.878806,979,0,5,16,0.523798,4.47619,90,1,0.386712,996.095,9873.29,0.294986,1,0.392157,996,9872,0.299694,1,0.386139,996,9873,0.270133
60,1113,60,6.1786,20,16,1.00211,0.889925,995,0,5,16,0.523447,5.19048,90,1,0.386712,996.095,9873.33,0.296927,1,0.392157,996,9872,0.299694,1,0.386139,996,9873,0.288481
61,1130,61,6.18708,20,16,1.0019,0.899933,1011,0,5,16,0.521773,5,90,1,0.386712,996.095,9873.33,0.296588,1,0.392157,996,9872,0.299694,1,0.386139,996,9873,0.292559
62,1147,62,6.27253,20,16,1.00171,0.90894,1027,0,5,16,0.521297,5.28571,90,1,0.386712,996.143,9873.38,0.295714,1,0.392157,996,9872,0.299694,1,0.386139,996,9873,0.302752
63,1163,63,6.30276,20,16,1.00154,0.917046,1042,0,6,16,0.519008,4.80952,90,1,0.386712,996.143,9873.43,0.295908,1,0.392157,996,9872,0.299694,1,0.386139,996,9872,0.317023
64,1180,64,6.29423,20,16,1.00139,0.924341,1058,0,6,16,0.519469,4.55,90,1,0.387231,996.25,9873.4,0.295158,1,0.401961,996,9872,0.320082,1,0.386139,996,9873,0.302752
65,1197,65,6.28863,20,16,1.00125,0.930907,1073,0,7,16,0.521228,4.45,90,1,0.388022,996.25,9873.45,0.295107,1,0.401961,996,9872,0.320082,1,0.386139,996,9873,0.308868
66,1214,66,6.31206,20,16,1.00112,0.936816,1089,0,7,16,0.520832,4.1,90,1,0.388022,996.35,9873.3,0.297503,1,0.401961,996,9872,0.320082,1,0.386139,996,9874,0.293578
67,1231,67,6.30873,20,16,1.00101,0.942135,1105,0,7,16,0.521257,4.05,90,1,0.388813,996.45,9872.95,0.299541,1,0.401961,996,9872,0.320082,1,0.386139,996,9875,0.27421
68,1249,68,6.28281,20,16,1.00091,0.946921,1120,0,8,16,0.520704,4.05,90,1,0.388813,996.5,9872.8,0.302141,1,0.401961,996,9872,0.320082,1,0.386139,996,9875,0.288481
69,1266,69,6.27314,20,16,1.00082,0.853229,1135,0,9,16,0.517865,4.05,90,1,0.388512,996.55,9872.6,0.304842,1,0.401961,996,9872,0.320082,1,0.386139,996,9872,0.317023
70,1282,70,6.04729,20,16,1.00074,0.866906,1151,0,9,16,0.519372,3.9,90,1,0.389303,996.8,9871.7,0.306881,1,0.401961,996,9872,0.320082,1,0.386139,997,9870,0.314985
71,1299,71,6.05004,20,16,1.00066,0.879216,1167,0,9,16,0.520709,4,90,1,0.390885,996.75,9871.95,0.306167,1,0.401961,997,9871,0.300714,1,0.386139,997,9871,0.308868
72,1316,72,6.08049,20,16,1.0006,0.890294,1183,0,9,16,0.521002,3.85,90,1,0.391977,996.55,9872.1,0.306218,1,0.401961,997,9871,0.300714,1,0.386139,997,9872,0.297655
73,1332,73,6.07541,20,16,1.00054,0.900265,1199,0,9,16,0.522442,4.5,90,1,0.394055,996.4,9872.25,0.308308,1,0.401961,997,9871,0.300714,1,0.386139,997,9872,0.301733
74,1349,74,6.04714,20,16,1.00048,0.909238,1215,0,9,16,0.521609,3.35,90,1,0.395836,996.25,9872.3,0.309072,1,0.401961,997,9871,0.300714,1,0.386139,997,9872,0.304791
75,1366,75,6.04452,20,16,1.00044,0.819314,1231,0,9,16,0.521548,3.6,90,1,0.396627,996.2,9872.3,0.309582,1,0.401961,997,9871,0.300714,1,0.386139,997,9873,0.292559
76,1383,76,5.97094,20,16,1.00039,0.836383,1247,0,9,16,0.521916,3.6,90,1,0.399198,995.95,9872.3,0.309735,1,0.401961,997,9873,0.299694,1,0.39,996,9878,0.264016
77,1399,77,6.02196,20,16,1.00035,0.851745,1263,0,9,16,0.524102,3.55,90,1,0.401659,996.15,9871.75,0.311417,1,0.407767,994,9871,0.302752,1,0.39604,996,9874,0.299694
78,1416,78,6.04196,20,16,1.00032,0.86557,1279,0,9,16,0.524726,4.05,90,1,0.402541,996.1,9871.55,0.311825,1,0.407767,994,9871,0.302752,1,0.401961,996,9871,0.316004
79,1433,79,6.07536,20,16,1.00029,0.878013,1295,0,9,16,0.524467,4.35,90,1,0.402541,996.15,9871.65,0.310907,1,0.407767,994,9871,0.302752,1,0.401961,996,9871,0.325178
80,1450,80,6.09479,20,16,1.00026,0.889212,1311,0,9,16,0.52337,4.8,90,1,0.402541,996.2,9871.6,0.308461,1,0.407767,994,9871,0.302752,1,0.401961,996,9871,0.331295
81,1467,81,6.11624,20,16,1.00023,0.899291,1327,0,9,16,0.524374,4.25,90,1,0.403122,996.05,9871.5,0.307034,1,0.407767,994,9871,0.302752,1,0.401961,996,9872,0.320082
82,1484,82,6.14219,20,16,1.00021,0.908362,1343,0,9,16,0.523565,4.5,90,1,0.403122,996.05,9871.55,0.307085,1,0.407767,994,9871,0.302752,1,0.401961,996,9872,0.320082
83,1500,83,6.14099,20,16,1.00019,0.916525,1359,0,9,16,0.524347,4.15,90,1,0.403703,996.15,9871.15,0.303823,1,0.407767,996,9870,0.312946,1,0.401961,996,9873,0.312946
84,1518,84,6.09984,20,16,1.00017,0.923873,1374,0,10,16,0.523616,4.7,90,1,0.403703,996.25,9871.1,0.30107,1,0.407767,996,9870,0.312946,1,0.401961,997,9870,0.298675
85,1535,85,6.11931,20,16,1.00015,0.930486,1390,0,10,16,0.522831,5.25,90,1,0.403703,996.25,9871.3,0.301529,1,0.407767,996,9870,0.312946,1,0.401961,997,9871,0.300714
86,1553,86,6.13312,20,16,1.00014,0.936437,1406,0,10,16,0.52141,5.25,90,1,0.403993,996.1,9871.15,0.301631,1,0.407767,996,9870,0.312946,1,0.401961,997,9870,0.297655
87,1570,87,6.21079,20,16,1.00012,0.941793,1422,0,10,16,0.523133,4.4,90,1,0.404283,996.1,9871.35,0.301988,1,0.407767,996,9870,0.312946,1,0.401961,997,9871,0.300714
88,1587,88,6.14527,20,16,1.00011,0.946614,1438,0,10,16,0.523258,3.35,90,1,0.404574,995.95,9871.55,0.301937,1,0.407767,996,9870,0.312946,1,0.401961,997,9871,0.309888
89,1604,89,6.1285,20,16,1.0001,0.950953,1453,0,11,16,0.522705,4.3,90,1,0.404864,995.8,9871.55,0.30158,1,0.407767,996,9870,0.312946,1,0.401961,997,9871,0.309888
90,1621,90,6.07463,20,16,1.00009,0.954857,1469,0,11,16,0.521755,4.9,90,1,0.405445,995.7,9871.35,0.303313,1,0.407767,996,9870,0.326198,1,0.401961,997,9872,0.293578
91,1639,91,6.13485,20,16,1.00008,0.860372,1485,0,11,16,0.52061,4.9,90,1,0.404374,995.8,9871.45,0.303262,1,0.407767,996,9870,0.326198,1,0.392157,994,9872,0.30683
92,1656,92,6.13355,20,16,1.00007,0.873334,1501,0,11,16,0.520099,5.15,90,1,0.4065,995.6,9871.15,0.303939,1,0.423077,995,9866,0.30101,1,0.401961,997,9873,0.294597
93,1673,93,6.15555,20,16,1.00007,0.885001,1517,0,11,16,0.521502,4.4,90,1,0.407081,995.3,9870.9,0.305163,1,0.423077,995,9866,0.30101,1,0.401961,997,9873,0.294597
94,1690,94,6.05561,20,16,1.00006,0.895501,1533,0,11,16,0.521063,4.4,90,1,0.408237,994.95,9870.6,0.306845,1,0.423077,995,9866,0.30101,1,0.401961,997,9873,0.294597
95,1708,95,6.0107,20,16,1.00005,0.904951,1549,0,11,16,0.519816,4.9,90,1,0.408527,994.8,9870.45,0.307507,1,0.423077,995,9866,0.30101,1,0.401961,997,9874,0.293578
96,1725,96,5.89686,20,16,1.00005,0.913456,1564,0,12,16,0.519576,5,90,1,0.409303,994.85,9870.15,0.308532,1,0.423077,995,9866,0.30101,1,0.407767,994,9871,0.302752
97,1744,97,5.88914,20,16,1.00004,0.92111,1580,0,12,16,0.519065,5,90,1,0.409788,994.8,9870.25,0.308226,1,0.423077,995,9866,0.30101,1,0.407767,994,9871,0.302752
98,1761,98,5.92318,20,16,1.00004,0.927999,1596,0,12,16,0.519647,4.9,90,1,0.410274,995,9870.15,0.309602,1,0.423077,995,9866,0.30101,1,0.407767,994,9871,0.302752
99,1779,99,5.95306,20,16,1.00003,0.934199,1612,0,12,16,0.519343,5.15,90,1,0.411244,995.2,9870.15,0.310214,1,0.423077,995,9866,0.30101,1,0.407767,994,9871,0.304791
100,1797,100,5.96037,20,16,1.00003,0.939779,1628,0,12,16,0.518641,5.15,90,1,0.41173,995.1,9870.25,0.30843,1,0.423077,995,9866,0.30101,1,0.407767,994,9870,0.313965
101,1814,101,5.92887,20,16,1.00003,0.944801,1644,0,12,16,0.518553,5.25,90,1,0.412701,995.4,9869.95,0.308944,1,0.423077,995,9866,0.30101,1,0.407767,994,9871,0.30581
102,1832,102,5.9666,20,16,1.00003,0.949321,1660,0,12,16,0.517395,5.52381,90,1,0.412928,995.476,9869.95,0.308844,1,0.423077,995,9866,0.30101,1,0.407767,994,9871,0.30581
103,1849,103,5.95018,20,16,1.00002,0.953389,1676,0,12,16,0.516607,5.25,90,1,0.413672,995.5,9870.15,0.308624,1,0.423077,995,9871,0.30581,1,0.407767,994,9871,0.30581
104,1867,104,5.98491,20,16,1.00002,0.85905,1692,0,12,16,0.515325,5.25,90,1,0.413097,995.5,9869.9,0.309796,1,0.423077,995,9871,0.30581,1,0.401961,996,9867,0.324159
105,1885,105,5.97306,20,16,1.00002,0.872145,1708,0,12,16,0.514132,6.15,90,1,0.414358,995.6,9870.05,0.308012,1,0.423077,995,9871,0.30581,1,0.407767,994,9871,0.30581
106,1902,106,6.00222,20,16,1.00002,0.883931,1723,0,13,16,0.513759,5.25,90,1,0.414843,995.75,9870.1,0.307548,1,0.423077,995,9871,0.30581,1,0.407767,994,9871,0.30581
107,1919,107,5.98915,20,16,1.00001,0.796538,1739,0,13,16,0.512835,5.25,90,1,0.414553,995.8,9870.15,0.306784,1,0.423077,995,9871,0.30581,1,0.401961,996,9871,0.299694
108,1936,108,5.90399,20,16,1.00001,0.815884,1754,0,14,16,0.51339,4.45,90,1,0.416985,995.9,9870.35,0.304027,1,0.423077,995,9871,0.30581,1,0.407767,996,9869,0.310907
109,1953,109,5.88762,20,16,1.00001,0.833295,1770,0,14,16,0.514367,4.15,90,1,0.418036,995.9,9870.2,0.302752,1,0.423077,995,9871,0.30581,1,0.417476,996,9867,0.303772
110,1970,110,5.87106,20,16,1.00001,0.848966,1786,0,14,16,0.515253,3.9,90,1,0.418036,995.9,9870.65,0.302854,1,0.423077,995,9871,0.30581,1,0.417476,996,9870,0.301733
111,1987,111,5.84229,20,16,1.00001,0.863069,1802,0,14,16,0.515798,3.8,90,1,0.418036,995.9,9870.85,0.301784,1,0.423077,995,9871,0.30581,1,0.417476,996,9870,0.301733
112,2004,112,5.85531,20,16,1.00001,0.875762,1818,0,14,16,0.515224,3.6,90,1,0.418036,995.9,9871.05,0.301019,1,0.423077,995,9871,0.30581,1,0.417476,996,9870,0.308868
113,2021,113,5.82363,20,16,1.00001,0.887186,1834,0,14,16,0.515884,3.25,90,1,0.418316,995.9,9871.25,0.300051,1,0.423077,996,9870,0.299694,1,0.417476,996,9871,0.297655
114,2039,114,5.7691,20,16,1.00001,0.897468,1850,0,14,16,0.516632,3.65,90,1,0.418316,995.9,9871.25,0.30107,1,0.423077,996,9870,0.299694,1,0.417476,996,9871,0.298675
115,2057,115,5.7691,20,16,1.00001,0.808721,1865,0,15,16,0.514996,4.65,90,1,0.418316,995.9,9871.25,0.30107,1,0.423077,996,9870,0.299694,1,0.417476,996,9871,0.298675
116,2073,116,5.78128,20,16,1.00001,0.826849,1880,0,16,16,0.514915,5.05,90,1,0.418316,995.9,9871.4,0.301325,1,0.423077,996,9870,0.299694,1,0.417476,996,9871,0.298675
117,2090,117,5.78695,20,16,1.00001,0.745164,1894,0,18,16,0.513443,5.85,90,1,0.418316,995.9,9871.45,0.301274,1,0.423077,996,9870,0.299694,1,0.417476,996,9871,0.298675
118,2107,118,5.85203,20,16,1,0.769647,1909,0,19,16,0.513606,5.95,90,1,0.418876,995.85,9871.5,0.301784,1,0.423077,996,9870,0.299694,1,0.417476,996,9871,0.298675
119,2125,119,5.86662,20,16,1,0.693683,1925,0,19,16,0.51344,5.05,90,1,0.418596,995.9,9871.55,0.302192,1,0.423077,996,9870,0.299694,1,0.417476,996,9871,0.302752
120,2141,120,5.87621,20,16,1,0.723314,1941,0,19,16,0.514421,4.45,90,1,0.419436,995.85,9871.55,0.300051,1,0.423077,996,9870,0.299694,1,0.417476,996,9871,0.309888
121,2158,121,5.90878,20,16,1,0.749983,1957,0,19,16,0.514652,4.15,90,1,0.419716,995.85,9871.55,0.299083,1,0.423077,996,9870,0.299694,1,0.417476,996,9872,0.287462
122,2175,122,5.8968,20,16,1,0.773985,1973,0,19,16,0.514734,4.35,90,1,0.419996,995.85,9871.55,0.30158,1,0.423077,996,9870,0.299694,1,0.417476,996,9872,0.297655
123,2192,123,5.92283,20,16,1,0.795586,1989,0,19,16,0.515802,3.85714,90,1,0.420676,995.857,9871.29,0.300762,1,0.423077,996,9870,0.299694,1,0.417476,996,9872,0.298675
124,2209,124,5.86071,20,16,1,0.815028,2004,0,20,16,0.516542,3.61905,90,1,0.421743,995.81,9871.05,0.301053,1,0.423077,996,9870,0.299694,1,0.417476,996,9873,0.299694
125,2226,125,5.78019,20,16,1,0.832525,2020,0,20,16,0.517412,3.4,90,1,0.423077,995.8,9870.35,0.298981,1,0.423077,996,9871,0.298675,1,0.423077,995,9872,0.30683
126,2243,126,5.72456,20,16,1,0.848272,2036,0,20,16,0.518596,3.55,90,1,0.423077,995.95,9870.1,0.297808,1,0.423077,996,9871,0.298675,1,0.423077,995,9873,0.30581
127,2260,127,5.66353,20,16,1,0.862445,2052,0,20,16,0.518381,3.95,90,1,0.423077,996,9870.15,0.298165,1,0.423077,996,9871,0.298675,1,0.423077,996,9870,0.275229
128,2278,128,5.65692,20,16,1,0.875201,2067,0,21,16,0.518695,4.35,90,1,0.423077,996,9870.15,0.299439,1,0.423077,996,9871,0.298675,1,0.423077,996,9870,0.298675
129,2295,129,5.67628,20,16,1,0.886681,2082,0,22,16,0.518543,4.9,90,1,0.423077,996,9870.35,0.299439,1,0.423077,996,9872,0.299694,1,0.423077,996,9870,0.299694
130,2312,130,5.69201,20,16,1,0.897012,2098,0,22,16,0.519303,4.8,90,1,0.423077,996,9870.45,0.299439,1,0.423077,996,9872,0.299694,1,0.423077,996,9870,0.299694
131,2329,131,5.69798,20,16,1,0.906311,2114,0,22,16,0.519729,5.3,90,1,0.423077,996,9870.5,0.299337,1,0.423077,996,9872,0.299694,1,0.423077,996,9870,0.299694
132,2346,132,5.71262,20,16,1,0.91468,2129,0,23,16,0.519034,5.75,90,1,0.423077,996,9870.6,0.299898,1,0.423077,996,9872,0.299694,1,0.423077,996,9870,0.299694
133,2364,133,5.74525,20,16,1,0.922212,2145,0,23,16,0.518689,5.4,90,1,0.423077,996,9870.75,0.299949,1,0.423077,996,9872,0.299694,1,0.423077,996,9870,0.299694
134,2382,134,5.83232,20,16,1,0.928991,2161,0,23,16,0.519529,4.5,90,1,0.423558,996,9870.85,0.301019,1,0.432692,996,9870,0.304791,1,0.423077,996,9870,0.299694
135,2400,135,5.82895,20,16,1,0.935092,2176,0,24,16,0.51923,4.5,90,1,0.423558,996,9870.9,0.300968,1,0.432692,996,9870,0.304791,1,0.423077,996,9870,0.301733
136,2418,136,5.83505,20,16,1,0.842583,2192,0,24,16,0.517952,5,90,1,0.423558,995.9,9870.85,0.300561,1,0.432692,996,9870,0.304791,1,0.423077,994,9870,0.289501
137,2436,137,5.80363,20,16,1,0.857324,2208,0,24,16,0.518426,4.65,90,1,0.424309,996,9871,0.301019,1,0.438095,996,9870,0.293578,1,0.423077,996,9871,0.298675
138,2453,138,5.8309,20,16,1,0.870592,2223,0,25,16,0.519082,5.3,90,1,0.42506,996,9870.95,0.301325,1,0.438095,996,9870,0.293578,1,0.423077,996,9871,0.298675
139,2470,139,5.8819,20,16,1,0.882533,2239,0,25,16,0.518539,4.8,90,1,0.42506,995.85,9870.85,0.30316,1,0.438095,996,9870,0.293578,1,0.423077,994,9871,0.308868
140,2487,140,5.89224,20,16,1,0.893279,2255,0,25,16,0.518232,4.75,90,1,0.42554,995.95,9870.85,0.302548,1,0.438095,996,9870,0.293578,1,0.423077,995,9870,0.324159
141,2504,141,5.91847,20,16,1,0.902952,2271,0,25,16,0.51869,4.85,90,1,0.426291,996,9871,0.301478,1,0.438095,996,9873,0.287462,1,0.423077,996,9871,0.298675
142,2521,142,5.94788,20,16,1,0.911656,2287,0,25,16,0.518098,4.75,90,1,0.427042,996,9871.15,0.299694,1,0.438095,996,9873,0.287462,1,0.423077,996,9871,0.299694
143,2539,143,6.00699,20,16,1,0.919491,2303,0,25,16,0.519079,3.85,90,1,0.428004,995.9,9871.15,0.300408,1,0.438095,996,9873,0.287462,1,0.423077,996,9871,0.302752
144,2556,144,6.03395,20,16,1,0.926542,2319,0,25,16,0.520012,3.5,90,1,0.430256,995.8,9871.3,0.297146,1,0.438095,996,9873,0.287462,1,0.423077,996,9871,0.311927
145,2574,145,6.07572,20,16,1,0.932887,2335,0,25,16,0.518753,4.3,90,1,0.430943,995.75,9871.4,0.293935,1,0.438095,996,9873,0.287462,1,0.423077,996,9871,0.311927
146,2592,146,6.07343,20,16,1,0.938599,2351,0,25,16,0.518059,4.6,90,1,0.431629,995.65,9871.5,0.291896,1,0.438095,996,9873,0.287462,1,0.423077,996,9872,0.29052
147,2610,147,6.10176,20,16,1,0.943739,2367,0,25,16,0.518127,4.35,90,1,0.43238,995.65,9871.55,0.291437,1,0.438095,996,9873,0.289501,1,0.423077,996,9872,0.297655
148,2629,148,6.12508,20,16,1,0.850365,2383,0,25,16,0.517339,4.85,90,1,0.431834,995.6,9871.75,0.290316,1,0.438095,996,9873,0.289501,1,0.423077,996,9872,0.297655
149,2646,149,6.07323,20,16,1,0.864328,2398,0,26,16,0.517806,4.6,90,1,0.434843,995.6,9871.65,0.288175,1,0.438095,996,9873,0.293578,1,0.427184,995,9871,0.259939
150,2663,150,6.02583,20,16,1,0.876896,2414,0,26,16,0.517971,4.4,90,1,0.436204,995.9,9871.3,0.29368,1,0.438095,996,9873,0.293578,1,0.432692,994,9872,0.288481
151,2680,151,5.98827,20,16,1,0.888206,2430,0,26,16,0.518451,4.45,90,1,0.436474,996,9871.45,0.293272,1,0.438095,996,9874,0.292559,1,0.432692,996,9869,0.303772
152,2697,152,6.03721,20,16,1,0.898385,2446,0,26,16,0.518903,4.3,90,1,0.437285,995.95,9871.55,0.294088,1,0.438095,996,9874,0.292559,1,0.432692,996,9872,0.283384
153,2715,153,6.05739,20,16,1,0.907547,2462,0,26,16,0.518205,4.4,90,1,0.438095,995.95,9871.35,0.29317,1,0.438095,996,9874,0.292559,1,0.438095,995,9869,0.313965
154,2732,154,6.10065,20,16,1,0.915792,2478,0,26,16,0.518344,3.9,90,1,0.437344,995.95,9871.55,0.292661,1,0.438095,996,9874,0.292559,1,0.423077,996,9872,0.303772
155,2750,155,6.05015,20,16,1,0.923213,2494,0,26,16,0.517117,4.7,90,1,0.438095,996,9871.55,0.289908,1,0.438095,996,9874,0.292559,1,0.438095,996,9868,0.32314
156,2767,156,6.04187,20,16,1,0.929892,2510,0,26,16,0.516621,5.35,90,1,0.438095,996,9871.8,0.287717,1,0.438095,996,9874,0.292559,1,0.438095,996,9870,0.285423
157,2785,157,6.0472,20,16,1,0.935903,2526,0,26,16,0.515786,5.35,90,1,0.438095,996,9871.75,0.287819,1,0.438095,996,9874,0.292559,1,0.438095,996,9870,0.285423
158,2802,158,6.0472,20,16,1,0.843312,2542,0,26,16,0.514649,6.35,90,1,0.438095,996,9871.75,0.287819,1,0.438095,996,9874,0.292559,1,0.438095,996,9870,0.285423
159,2819,159,6.09908,20,16,1,0.843312,2556,0,28,16,0.514481,5.85,90,1,0.438095,996,9871.85,0.287768,1,0.438095,996,9874,0.292559,1,0.438095,996,9870,0.285423
160,2837,160,6.13953,20,16,1,0.759981,2572,0,28,16,0.51396,5.85,90,1,0.438095,996,9871.75,0.288175,1,0.438095,996,9874,0.292559,1,0.438095,996,9870,0.285423
161,2854,161,6.09448,20,16,1,0.782983,2587,0,29,16,0.513845,4.95238,90,1,0.438095,996,9872.14,0.289646,1,0.438095,996,9874,0.292559,1,0.438095,996,9871,0.289501
162,2871,162,6.1287,20,16,1,0.803685,2602,0,30,16,0.514066,4.47619,90,1,0.438095,996,9872.14,0.29018,1,0.438095,996,9874,0.292559,1,0.438095,996,9871,0.289501
163,2889,163,6.1642,20,16,1,0.803685,2617,0,31,16,0.514187,4.42857,90,1,0.438095,996,9872.29,0.290714,1,0.438095,996,9874,0.292559,1,0.438095,996,9871,0.289501
164,2907,164,6.17774,20,16,1,0.803685,2633,0,31,16,0.514268,4.28571,90,1,0.438095,996,9872.38,0.29217,1,0.438095,996,9874,0.292559,1,0.438095,996,9871,0.295617
165,2924,165,6.1852,20,16,1,0.724316,2649,0,31,16,0.514086,4.42857,90,1,0.438095,996,9872.57,0.291151,1,0.438095,996,9874,0.292559,1,0.438095,996,9872,0.283384
166,2941,166,6.14499,20,16,1,0.724316,2665,0,31,16,0.513557,4.47619,90,1,0.438095,996,9872.71,0.29086,1,0.438095,996,9874,0.292559,1,0.438095,996,9872,0.29052
167,2958,167,5.99026,20,16,1,0.750885,2681,0,31,16,0.514597,3.45,90,1,0.438095,996,9873.05,0.289144,1,0.438095,996,9874,0.298675,1,0.438095,996,9873,0.275229
168,2975,168,5.9838,20,16,1,0.774796,2696,0,32,16,0.515231,4.05,90,1,0.438306,996,9873,0.290112,1,0.442308,996,9872,0.266055,1,0.438095,996,9873,0.281346
169,2992,169,5.96526,20,16,1,0.796316,2712,0,32,16,0.515098,3.85,90,1,0.438306,996,9873,0.292253,1,0.442308,996,9872,0.266055,1,0.438095,996,9873,0.285423
170,3010,170,5.96528,20,16,1,0.815685,2727,0,33,16,0.515118,4.5,90,1,0.438306,996,9873.05,0.292508,1,0.442308,996,9872,0.266055,1,0.438095,996,9873,0.287462
171,3027,171,6.03272,20,16,1,0.833116,2743,0,33,16,0.515316,4.35,90,1,0.438727,995.95,9873,0.29052,1,0.442308,996,9872,0.266055,1,0.438095,996,9873,0.287462
172,3044,172,6.03876,20,16,1,0.848805,2759,0,33,16,0.515009,4.55,90,1,0.438727,995.95,9873.05,0.291641,1,0.442308,996,9872,0.266055,1,0.438095,996,9873,0.291539
173,3062,173,6.07912,20,16,1,0.862924,2775,0,33,16,0.515506,4.8,90,1,0.439203,995.95,9873.1,0.289908,1,0.447619,996,9873,0.2579,1,0.438095,996,9873,0.291539
174,3079,174,6.10673,20,16,1,0.875632,2791,0,33,16,0.515021,4.8,90,1,0.439203,995.95,9873.1,0.289959,1,0.447619,996,9873,0.2579,1,0.438095,996,9873,0.291539
175,3096,175,6.14998,20,16,1,0.887069,2807,0,33,16,0.515103,4.35,90,1,0.43989,995.9,9873.15,0.289195,1,0.447619,996,9873,0.291539,1,0.438095,996,9873,0.295617
176,3114,176,6.11291,20,16,1,0.799362,2823,0,33,16,0.514986,4.5,90,1,0.440101,995.85,9873.25,0.28787,1,0.447619,996,9873,0.291539,1,0.438095,996,9873,0.302752
177,3131,177,6.10702,20,16,1,0.818426,2837,0,35,16,0.514412,5,90,1,0.440311,995.85,9873.15,0.286239,1,0.447619,996,9873,0.291539,1,0.438095,996,9873,0.302752
178,3148,178,6.11283,20,16,1,0.835583,2853,0,35,16,0.514625,5.2,90,1,0.440311,995.85,9873.2,0.285321,1,0.447619,996,9873,0.291539,1,0.438095,996,9873,0.302752
179,3165,179,6.09631,20,16,1,0.851025,2869,0,35,16,0.51465,4.8,90,1,0.440522,995.8,9873.4,0.282875,1,0.447619,996,9873,0.291539,1,0.438095,996,9873,0.303772
180,3183,180,6.11193,20,16,1,0.864922,2885,0,35,16,0.514154,5,90,1,0.440733,995.8,9873.35,0.280785,1,0.447619,996,9873,0.291539,1,0.438095,996,9873,0.30581
181,3200,181,6.09408,20,16,1,0.87743,2901,0,35,16,0.514357,4.1,90,1,0.44168,995.75,9873.55,0.277574,1,0.45283,996,9872,0.299694,1,0.438095,996,9874,0.29052
182,3218,182,6.10256,20,16,1,0.790687,2917,0,35,16,0.51415,4.6,90,1,0.441891,995.7,9873.55,0.275892,1,0.45283,996,9872,0.299694,1,0.438095,996,9874,0.29052
183,3235,183,6.07502,20,16,1,0.810618,2933,0,35,16,0.51491,3.85,90,1,0.444472,995.5,9873.35,0.26998,1,0.45283,996,9872,0.299694,1,0.438095,996,9874,0.307849
184,3253,184,6.07969,20,16,1,0.828556,2949,0,35,16,0.51518,4.35,90,1,0.445209,995.55,9873.2,0.269878,1,0.45283,996,9872,0.302752,1,0.442308,995,9874,0.256881
185,3270,185,6.07279,20,16,1,0.844701,2964,0,36,16,0.515337,3.75,90,1,0.446261,995.6,9873.1,0.273038,1,0.45283,996,9872,0.302752,1,0.442308,995,9874,0.267074
186,3287,186,6.11837,20,16,1,0.859231,2980,0,36,16,0.515963,3.6,90,1,0.447584,995.85,9872.25,0.278236,1,0.45283,996,9873,0.295617,1,0.442308,996,9872,0.2579
187,3305,187,6.10373,20,16,1,0.872308,2996,0,36,16,0.516651,3.55,90,1,0.449688,995.85,9872.3,0.28634,1,0.45283,996,9873,0.295617,1,0.442308,996,9872,0.261978
188,3322,188,6.11835,20,16,1,0.884077,3012,0,36,16,0.51644,3.6,90,1,0.45048,995.8,9872.4,0.288277,1,0.45283,996,9873,0.295617,1,0.442308,996,9872,0.278287
189,3340,189,6.10463,20,16,1,0.796669,3028,0,36,16,0.51628,4.5,90,1,0.450746,995.8,9872.5,0.288226,1,0.45283,996,9873,0.295617,1,0.447619,995,9874,0.262997
190,3358,190,5.94627,20,16,1,0.816002,3044,0,36,16,0.516385,4.65,90,1,0.451267,996,9872.25,0.294648,1,0.45283,996,9873,0.295617,1,0.447619,996,9868,0.321101
191,3375,191,5.89604,20,16,1,0.833402,3060,0,36,16,0.516519,4.45,90,1,0.452049,996,9872.45,0.295413,1,0.45283,996,9873,0.295617,1,0.447619,996,9873,0.265036
192,3392,192,5.76064,20,16,1,0.849062,3076,0,36,16,0,4.35,90,1,0.45283,996,9872.5,0.3,1,0.45283,996,9874,0.286442,1,0.45283,996,9872,0.299694
193,3409,193,5.77822,20,16,1,0.863156,3092,0,36,16,0.513625,4.35,90,1,0.45283,996,9872.6,0.299337,1,0.45283,996,9874,0.286442,1,0.45283,996,9872,0.299694
194,3426,194,5.7911,20,16,1,0.87584,3108,0,36,16,0.500858,4.4,90,1,0.45283,996,9872.75,0.298471,1,0.45283,996,9874,0.289501,1,0.45283,996,9872,0.302752
195,3445,195,5.80635,20,16,1,0.789256,3124,0,36,16,0.490818,4.9,90,1,0.45283,996,9872.8,0.297095,1,0.45283,996,9874,0.289501,1,0.45283,996,9872,0.302752
196,3462,196,5.81783,20,16,1,0.71133,3139,0,37,16,0.455439,5.4,90,1,0.45283,996,9872.75,0.297452,1,0.45283,996,9874,0.289501,1,0.45283,996,9872,0.302752
197,3480,197,5.83682,20,16,1,0.739197,3155,0,37,16,0.458407,4.35,90,1,0.45283,996,9872.95,0.295515,1,0.45283,996,9874,0.289501,1,0.45283,996,9872,0.30683
198,3497,198,5.79334,20,16,1,0.764278,3171,0,37,16,0.468026,4.55,90,1,0.45283,996,9873.1,0.294292,1,0.45283,996,9874,0.289501,1,0.45283,996,9873,0.287462
199,3514,199,5.78589,20,16,1,0.78685,3186,0,38,16,0.488906,4.9,90,1,0.45283,996,9873.15,0.295362,1,0.45283,996,9874,0.289501,1,0.45283,996,9873,0.295617
200,3531,200,5.81407,20,16,1,0.807165,3201,0,39,16,0.648847,4.9,90,1,0.45283,996,9873.25,0.294597,1,0.45283,996,9874,0.289501,1,0.45283,996,9873,0.295617
201,3549,201,5.83922,20,16,1,0.727448,3216,0,40,16,0.538702,4.9,90,1,0.45283,996,9873.3,0.293833,1,0.45283,996,9874,0.289501,1,0.45283,996,9873,0.295617
202,3566,202,5.84954,20,16,1,0.753704,3231,0,41,16,0.558591,4.4,90,1,0.45283,996,9873.35,0.292864,1,0.45283,996,9874,0.289501,1,0.45283,996,9873,0.295617
203,3583,203,5.85399,20,16,1,0.777333,3246,0,42,16,0.560126,4.85,90,1,0.45283,996,9873.5,0.292559,1,0.45283,996,9875,0.280326,1,0.45283,996,9873,0.295617
204,3601,204,5.87819,20,16,1,0.7986,3261,0,43,16,0.562416,4.85,90,1,0.45283,996,9873.55,0.291794,1,0.45283,996,9875,0.280326,1,0.45283,996,9873,0.295617
205,3619,205,5.88594,20,16,1,0.81774,3277,0,43,16,0.564189,5.05,90,1,0.45283,996,9873.75,0.290877,1,0.45283,996,9875,0.298675,1,0.45283,996,9873,0.295617
206,3636,206,5.87234,20,16,1,0.834966,3293,0,43,16,0.574204,4.15,90,1,0.45283,996,9874.1,0.288073,1,0.45283,996,9875,0.298675,1,0.45283,996,9873,0.295617
207,3654,207,5.83075,20,16,1,0.850469,3309,0,43,16,0.569048,4,90,1,0.45283,996,9874.3,0.286697,1,0.45283,996,9876,0.273191,1,0.45283,996,9874,0.280326
208,3671,208,5.77191,20,16,1,0.864422,3325,0,43,16,0.57519,4.35,90,1,0.45283,996,9874.45,0.286799,1,0.45283,996,9876,0.273191,1,0.45283,996,9874,0.284404
209,3689,209,5.69297,20,16,1,0.87698,3340,0,44,16,0.559938,4.7,90,1,0.45283,996,9874.55,0.287207,1,0.45283,996,9876,0.273191,1,0.45283,996,9874,0.286442
210,3706,210,5.6664,20,16,1,0.888282,3355,0,45,16,0.561902,4.7,90,1,0.45283,996,9874.7,0.286442,1,0.45283,996,9876,0.273191,1,0.45283,996,9874,0.289501
211,3723,211,5.66256,20,16,1,0.898454,3371,0,45,16,0.551272,5.6,90,1,0.45283,996,9874.75,0.286901,1,0.45283,996,9876,0.273191,1,0.45283,996,9874,0.289501
212,3742,212,5.72823,20,16,1,0.907609,3387,0,45,16,0.550389,5.4,90,1,0.45283,996,9874.95,0.285372,1,0.45283,996,9876,0.273191,1,0.45283,996,9874,0.289501
213,3759,213,5.7214,20,16,1,0.915848,3403,0,45,16,0.547564,4.3,90,1,0.453302,996,9875.2,0.282212,1,0.462264,996,9877,0.264016,1,0.45283,996,9874,0.289501
214,3777,214,5.71744,20,16,1,0.923263,3419,0,45,16,0.542987,4.75,90,1,0.453302,996,9875.3,0.281447,1,0.462264,996,9877,0.264016,1,0.45283,996,9874,0.304791
215,3796,215,5.68404,20,16,1,0.929937,3435,0,45,16,0.537949,4.95,90,1,0.453774,996,9875.55,0.278033,1,0.462264,996,9877,0.264016,1,0.45283,996,9875,0.277268
216,3813,216,5.73262,20,16,1,0.935943,3450,0,46,16,0.53782,4.95,90,1,0.454245,996,9875.6,0.275688,1,0.462264,996,9877,0.264016,1,0.45283,996,9875,0.261978
217,3831,217,5.73049,20,16,1,0.941349,3466,0,46,16,0.526894,5.4,90,1,0.454245,996,9875.6,0.276249,1,0.462264,996,9877,0.264016,1,0.45283,996,9875,0.277268
218,3849,218,5.7792,20,16,1,0.946214,3482,0,46,16,0.520582,5.4,90,1,0.4542,996,9875.65,0.275433,1,0.462264,996,9877,0.264016,1,0.451923,996,9877,0.250765
219,3868,219,5.76475,20,16,1,0.950592,3498,0,46,16,0.51374,5.35,90,1,0.454245,996,9875.55,0.275484,1,0.462264,996,9877,0.264016,1,0.45283,996,9874,0.289501
220,3885,220,5.81861,20,16,1,0.954533,3514,0,46,16,0.509213,5.35,90,1,0.453985,996,9875.55,0.275994,1,0.462264,996,9877,0.264016,1,0.447619,996,9875,0.275229
221,3903,221,5.79298,20,16,1,0.95808,3530,0,46,16,0.509291,5.7,90,1,0.454717,996,9875.8,0.271967,1,0.462264,996,9877,0.264016,1,0.45283,996,9875,0.277268
222,3921,222,5.79127,20,16,1,0.961272,3546,0,46,16,0.508617,5.7,90,1,0.454717,996,9875.95,0.27156,1,0.462264,996,9877,0.264016,1,0.45283,996,9875,0.277268
223,3939,223,5.8327,20,16,1,0.964145,3562,0,46,16,0.50279,5.47619,90,1,0.455076,996,9875.95,0.271395,1,0.462264,996,9877,0.264016,1,0.45283,996,9874,0.300714
224,3957,224,5.83107,20,16,1,0.96673,3578,0,46,16,0.500193,5.90476,90,1,0.455076,996,9876.05,0.268094,1,0.462264,996,9877,0.264016,1,0.45283,996,9875,0.255861
225,3976,225,5.89236,20,16,1,0.871057,3594,0,46,16,0.492774,4.95238,90,1,0.451283,995.905,9876.05,0.267414,1,0.462264,996,9877,0.264016,1,0.417476,996,9874,0.264016
226,3994,226,5.83757,20,16,1,0.871057,3610,0,46,16,0.493756,5.19048,90,1,0.454178,996,9876.14,0.268725,1,0.462264,996,9877,0.264016,1,0.45283,996,9875,0.277268
227,4012,227,5.82809,20,16,1,0.784951,3626,0,46,16,0.49368,5.14286,90,1,0.454178,996,9876.43,0.268239,1,0.462264,996,9877,0.264016,1,0.45283,996,9875,0.277268
228,4030,228,5.82057,20,16,1,0.784951,3641,0,47,16,0.496164,4.57143,90,1,0.454627,996,9876.76,0.266055,1,0.462264,996,9877,0.264016,1,0.45283,996,9876,0.259939
229,4047,229,5.79452,20,16,1,0.784951,3657,0,47,16,0.49894,4.38095,90,1,0.455526,996,9876.86,0.266007,1,0.462264,996,9877,0.264016,1,0.45283,996,9876,0.262997
230,4065,230,5.72971,20,16,1,0.707456,3673,0,47,16,0.500248,4.47619,90,1,0.455975,996,9876.95,0.263919,1,0.462264,996,9877,0.264016,1,0.45283,996,9876,0.268094
231,4082,231,5.72723,20,16,1,0.707456,3688,0,48,16,0.500291,4.19048,90,1,0.456424,996,9877.1,0.261007,1,0.462264,996,9877,0.264016,1,0.45283,996,9877,0.261978
232,4100,232,5.72874,20,16,1,0.707456,3704,0,48,16,0.505048,3.66667,90,1,0.458221,996,9876.9,0.26023,1,0.462264,996,9877,0.264016,1,0.45283,996,9877,0.267074
233,4117,233,5.70617,20,16,1,0.735711,3720,0,48,16,0.510608,3.55,90,1,0.459434,996,9876.8,0.25841,1,0.462264,996,9878,0.254842,1,0.45283,996,9878,0.262997
234,4134,234,5.58788,20,16,1,0.76114,3734,0,50,16,0.511866,2.8,90,1,0.462264,996,9876.25,0.255556,1,0.462264,996,9878,0.254842,1,0.462264,996,9875,0.260958
235,4152,235,5.59152,20,16,1,0.784026,3750,0,50,16,0.516417,3.3,90,1,0.462264,996,9876.4,0.25581,1,0.462264,996,9878,0.254842,1,0.462264,996,9876,0.250765
236,4169,236,5.59378,20,16,1,0.804623,3766,0,50,16,0.51683,3.95,90,1,0.462264,996,9876.5,0.255861,1,0.462264,996,9878,0.254842,1,0.462264,996,9876,0.255861
237,4187,237,5.60049,20,16,1,0.823161,3781,0,51,16,0.516693,4.85,90,1,0.462264,996,9876.55,0.255861,1,0.462264,996,9878,0.254842,1,0.462264,996,9876,0.255861
238,4205,238,5.6418,20,16,1,0.839845,3797,0,51,16,0.51813,4.6,90,1,0.462264,996,9876.7,0.256167,1,0.462264,996,9878,0.254842,1,0.462264,996,9876,0.255861
239,4223,239,5.66517,20,16,1,0.85486,3813,0,51,16,0.517071,4.6,90,1,0.462264,996,9876.75,0.25581,1,0.462264,996,9878,0.254842,1,0.462264,996,9876,0.255861
240,4242,240,5.63479,20,16,1,0.868374,3828,0,52,16,0.518129,4.8,90,1,0.462264,996,9876.9,0.255352,1,0.462264,996,9878,0.254842,1,0.462264,996,9876,0.260958
241,4260,241,5.63479,20,16,1,0.782537,3844,0,52,16,0.514475,5.8,90,1,0.462264,996,9876.9,0.255352,1,0.462264,996,9878,0.254842,1,0.462264,996,9876,0.260958
242,4278,242,5.63846,20,16,1,0.803283,3860,0,52,16,0.510442,6.3,90,1,0.462264,996,9876.9,0.255352,1,0.462264,996,9878,0.254842,1,0.462264,996,9876,0.260958
243,4296,243,5.61684,20,16,1,0.821955,3874,0,54,16,0.512167,5.19048,90,1,0.462264,996,9877.1,0.25426,1,0.462264,996,9878,0.254842,1,0.462264,996,9877,0.244648
244,4314,244,5.59952,20,16,1,0.838759,3890,0,54,16,0.513842,4.95238,90,1,0.462264,996,9877.1,0.255473,1,0.462264,996,9878,0.254842,1,0.462264,996,9877,0.248726
245,4332,245,5.61694,20,16,1,0.853883,3905,0,55,16,0.514822,5,90,1,0.462264,996,9877.1,0.255813,1,0.462264,996,9878,0.254842,1,0.462264,996,9877,0.255861
246,4350,246,5.61996,20,16,1,0.769495,3921,0,55,16,0.511531,5.47619,90,1,0.462264,996,9877.1,0.255813,1,0.462264,996,9878,0.254842,1,0.462264,996,9877,0.255861
247,4368,247,5.63217,20,16,1,0.693546,3937,0,55,16,0.511733,5.95238,90,1,0.462264,996,9877.1,0.255813,1,0.462264,996,9878,0.254842,1,0.462264,996,9877,0.255861
248,4386,248,5.64013,20,16,1,0.723191,3952,0,56,16,0.511821,5.47619,90,1,0.462264,996,9877.1,0.255764,1,0.462264,996,9878,0.254842,1,0.462264,996,9877,0.255861
249,4403,249,5.6419,20,16,1,0.723191,3967,0,57,16,0.510819,5.95238,90,1,0.462264,996,9877.1,0.255764,1,0.462264,996,9878,0.254842,1,0.462264,996,9877,0.255861
250,4421,250,5.6607,20,16,1,0.749872,3982,0,58,16,0.508773,5.2,90,1,0.462264,996,9877.1,0.256269,1,0.462264,996,9878,0.265036,1,0.462264,996,9877,0.255861
251,4438,251,5.67119,20,16,1,0.773885,3998,0,58,16,0.628371,6.15,90,1,0.462264,996,9877.2,0.256371,1,0.462264,996,9879,0.2579,1,0.462264,996,9877,0.255861
252,4456,252,5.68151,20,16,1,0.795496,4014,0,58,16,0.537653,6.65,90,1,0.462264,996,9877.2,0.256575,1,0.462264,996,9879,0.2579,1,0.462264,996,9877,0.255861
253,4473,253,5.69071,20,16,1,0.814947,4029,0,59,16,0.534195,5.65,90,1,0.462264,996,9877.25,0.256371,1,0.462264,996,9879,0.2579,1,0.462264,996,9877,0.252803
254,4491,254,5.72266,20,16,1,0.832452,4045,0,59,16,0.55524,4.65,90,1,0.462264,996,9877.4,0.256881,1,0.462264,996,9879,0.2579,1,0.462264,996,9876,0.265036
255,4509,255,5.78479,20,16,1,0.848207,4061,0,59,16,0.563766,4.45,90,1,0.462264,996,9877.7,0.25897,1,0.462264,996,9879,0.270133,1,0.462264,996,9877,0.255861
256,4526,256,5.79773,20,16,1,0.862386,4077,0,59,16,0.553832,4.5,90,1,0.462264,996,9877.8,0.259327,1,0.462264,996,9879,0.270133,1,0.462264,996,9877,0.255861
257,4545,257,5.85634,20,16,1,0.875147,4092,0,60,16,0.558899,3.7,90,1,0.462264,996,9878,0.260703,1,0.462264,996,9880,0.269113,1,0.462264,996,9877,0.255861
258,4563,258,5.84073,20,16,1,0.886633,4107,0,61,16,0.560392,3.65,90,1,0.462264,996,9878.3,0.260805,1,0.462264,996,9880,0.269113,1,0.462264,996,9877,0.265036
259,4581,259,5.84171,20,16,1,0.896969,4122,0,62,16,0.558431,4.25,90,1,0.462264,996,9878.5,0.260347,1,0.462264,996,9880,0.269113,1,0.462264,996,9878,0.248726
260,4599,260,5.80783,20,16,1,0.906273,4137,0,63,16,0.550361,4.05,90,1,0.462264,996,9878.7,0.261672,1,0.462264,996,9880,0.269113,1,0.462264,996,9878,0.260958
261,4618,261,5.83232,20,16,1,0.914645,4153,0,63,16,0.547127,4.55,90,1,0.462264,996,9878.7,0.261672,1,0.462264,996,9880,0.269113,1,0.462264,996,9878,0.260958
262,4636,262,5.8035,20,16,1,0.922181,4169,0,63,16,0.536443,4.7,90,1,0.462264,996,9878.8,0.261468,1,0.462264,996,9880,0.269113,1,0.462264,996,9878,0.265036
263,4654,263,5.80404,20,16,1,0.928963,4185,0,63,16,0.533653,5.25,90,1,0.462264,996,9879,0.260652,1,0.462264,996,9880,0.269113,1,0.462264,996,9878,0.265036
264,4672,264,5.84634,20,16,1,0.935066,4201,0,63,16,0.529661,5.25,90,1,0.461747,996,9878.9,0.261417,1,0.462264,996,9880,0.269113,1,0.451923,996,9877,0.271152
265,4691,265,5.85951,20,16,1,0.84256,4217,0,63,16,0.517462,4.75,90,1,0.459545,995.9,9878.9,0.260856,1,0.462264,996,9880,0.269113,1,0.442308,994,9878,0.24261
266,4708,266,5.83744,20,16,1,0.857304,4232,0,64,16,0.516379,5.5,90,1,0.462264,996,9878.95,0.260907,1,0.462264,996,9880,0.269113,1,0.462264,996,9878,0.260958
267,4727,267,5.7946,20,16,1,0.870573,4248,0,64,16,0.521699,5,90,1,0.462264,996,9879.24,0.260424,1,0.462264,996,9880,0.269113,1,0.462264,996,9879,0.255861
268,4744,268,5.81536,20,16,1,0.882516,4264,0,64,16,0.528538,5.04762,90,1,0.462264,996,9879.33,0.261686,1,0.462264,996,9880,0.269113,1,0.462264,996,9879,0.2579
269,4762,269,5.83891,20,16,1,0.795264,4280,0,64,16,0.522554,5.04762,90,1,0.462264,996,9879.24,0.262706,1,0.462264,996,9880,0.269113,1,0.462264,996,9877,0.271152
270,4780,270,5.85233,20,16,1,0.814738,4296,0,64,16,0.516341,5,90,1,0.462264,996,9879.33,0.262075,1,0.462264,996,9880,0.269113,1,0.462264,996,9879,0.2579
271,4799,271,5.86187,20,16,1,0.734264,4312,0,64,16,0.521357,5.42857,90,1,0.462264,996,9879.43,0.262269,1,0.462264,996,9880,0.269113,1,0.462264,996,9879,0.2579
272,4816,272,5.87725,20,16,1,0.759838,4328,0,64,16,0.521703,5.57143,90,1,0.462264,996,9879.57,0.263288,1,0.462264,996,9880,0.269113,1,0.462264,996,9879,0.2579
273,4834,273,5.89186,20,16,1,0.684854,4344,0,64,16,0.521138,5.09524,90,1,0.462264,996,9879.52,0.263871,1,0.462264,996,9880,0.269113,1,0.462264,996,9879,0.2579
274,4852,274,5.89021,20,16,1,0.684854,4358,0,66,16,0.523945,4.47619,90,1,0.462264,996,9879.71,0.266298,1,0.462264,996,9880,0.269113,1,0.462264,996,9879,0.266055
275,4869,275,5.87635,20,16,1,0.617369,4373,0,67,16,0.523797,4.71429,90,1,0.462264,996,9879.76,0.266589,1,0.462264,996,9880,0.269113,1,0.462264,996,9879,0.267074
276,4887,276,5.88378,20,16,1,0.654632,4389,0,67,16,0.525487,4.95238,90,1,0.462264,996,9879.95,0.266346,1,0.462264,996,9880,0.269113,1,0.462264,996,9879,0.278287
277,4904,277,5.80142,20,16,1,0.688169,4405,0,67,16,0.714299,3.9,90,1,0.462264,996,9880,0.267992,1,0.462264,996,9880,0.271152,1,0.462264,996,9880,0.262997
278,4921,278,5.65099,20,16,1,0.718352,4420,0,68,16,0.700097,3.15,90,1,0.462264,996,9880.05,0.26896,1,0.462264,996,9881,0.261978,1,0.462264,996,9880,0.269113
279,4939,279,5.65099,20,16,1,0.745517,4436,0,68,16,0.692335,4.15,90,1,0.462264,996,9880.05,0.26896,1,0.462264,996,9881,0.261978,1,0.462264,996,9880,0.269113
280,4956,280,5.67028,20,16,1,0.769965,4452,0,68,16,0.598166,4.65,90,1,0.462264,996,9880.05,0.269062,1,0.462264,996,9881,0.261978,1,0.462264,996,9880,0.269113
281,4974,281,5.67239,20,16,1,0.791968,4468,0,68,16,0.608226,5.35,90,1,0.462264,996,9880.05,0.269266,1,0.462264,996,9881,0.261978,1,0.462264,996,9880,0.269113
282,4992,282,5.71139,20,16,1,0.811772,4483,0,69,16,0.605764,5.35,90,1,0.462264,996,9880.05,0.269572,1,0.462264,996,9881,0.261978,1,0.462264,996,9880,0.269113
283,5009,283,5.70503,20,16,1,0.829594,4499,0,69,16,0.59178,6.05,90,1,0.462264,996,9880.05,0.26998,1,0.462264,996,9881,0.261978,1,0.462264,996,9880,0.269113
284,5028,284,5.72727,20,16,1,0.845635,4515,0,69,16,0.58663,6.05,90,1,0.462264,996,9880.05,0.270285,1,0.462264,996,9881,0.261978,1,0.462264,996,9880,0.269113
285,5046,285,5.73485,20,16,1,0.860071,4531,0,69,16,0.570821,6.55,90,1,0.462264,996,9880.05,0.270387,1,0.462264,996,9881,0.261978,1,0.462264,996,9880,0.269113
286,5064,286,5.76188,20,16,1,0.873064,4546,0,70,16,0.571582,5.5,90,1,0.462264,996,9880.05,0.271305,1,0.462264,996,9881,0.261978,1,0.462264,996,9880,0.269113
287,5082,287,5.79114,20,16,1,0.884758,4562,0,70,16,0.574381,4,90,1,0.462264,996,9880,0.272273,1,0.462264,996,9881,0.261978,1,0.462264,996,9879,0.280326
288,5099,288,5.80366,20,16,1,0.797282,4577,0,71,16,0.564918,4.33333,90,1,0.462264,996,9879.9,0.273094,1,0.462264,996,9881,0.261978,1,0.462264,996,9878,0.285423
289,5118,289,5.78055,20,16,1,0.718554,4592,0,72,16,0.554518,5.14286,90,1,0.462264,996,9880.05,0.272171,1,0.462264,996,9881,0.261978,1,0.462264,996,9880,0.269113
290,5135,290,5.79433,20,16,1,0.718554,4607,0,73,16,0.556279,5.42857,90,1,0.462264,996,9880.05,0.272851,1,0.462264,996,9881,0.261978,1,0.462264,996,9880,0.271152
291,5153,291,5.79339,20,16,1,0.647699,4623,0,73,16,0.561977,5.42857,90,1,0.462264,996,9880.05,0.273239,1,0.462264,996,9881,0.261978,1,0.462264,996,9880,0.271152
292,5170,292,5.75732,20,16,1,0.647699,4639,0,73,16,0.564619,5.14286,90,1,0.462264,996,9880.05,0.273822,1,0.462264,996,9881,0.261978,1,0.462264,996,9880,0.271152
293,5187,293,5.67322,20,16,1,0.647699,4654,0,74,16,0.565983,4.09524,90,1,0.462264,996,9880.05,0.274598,1,0.462264,996,9881,0.261978,1,0.462264,996,9880,0.275229
294,5205,294,5.68069,20,16,1,0.583929,4670,0,74,16,0.577263,4.57143,90,1,0.462264,996,9880.05,0.274598,1,0.462264,996,9881,0.261978,1,0.462264,996,9880,0.275229
295,5222,295,5.68069,20,16,1,0.583929,4684,0,76,16,0.578257,5.52381,90,1,0.462264,996,9880.05,0.274598,1,0.462264,996,9881,0.261978,1,0.462264,996,9880,0.275229
296,5239,296,5.69335,20,16,1,0.624536,4698,0,78,16,0.587005,5.25,90,1,0.462264,996,9880.05,0.274873,1,0.462264,996,9881,0.268094,1,0.462264,996,9880,0.275229
297,5257,297,5.69445,20,16,1,0.661082,4714,0,78,16,0.589646,5.75,90,1,0.462264,996,9880.1,0.274516,1,0.462264,996,9881,0.268094,1,0.462264,996,9880,0.275229
298,5274,298,5.69425,20,16,1,0.693974,4730,0,78,16,0.592428,6.15,90,1,0.462264,996,9880.15,0.27421,1,0.462264,996,9881,0.268094,1,0.462264,996,9880,0.275229
299,5291,299,5.7009,20,16,1,0.723577,4744,0,80,16,0.589253,6.65,90,1,0.462264,996,9880.15,0.274261,1,0.462264,996,9881,0.268094,1,0.462264,996,9880,0.275229
300,5309,300,5.70985,20,16,1,0.750219,4760,0,80,16,0.587025,6.15,90,1,0.462264,996,9880.15,0.274261,1,0.462264,996,9881,0.268094,1,0.462264,996,9880,0.275229
301,5309,300,5.70985,20,16,1,0.750219,4760,0,80,16,0.587025,6.15,90,1,0.462264,996,9880.15,0.274261,1,0.462264,996,9881,0.268094,1,0.462264,996,9880,0.275229
