GEN,CPU,pop1_Generation,pop1_E,pop1_Mu,pop1_Lambda,pop1_Tau,pop1_Sigma,pop1_EvalCount,pop1_DuplicateCount,pop1_CacheCount,pop1_OpUse_replacementMutation,pop1_MAB_replacementMutation,pop1_AvgAge,pop1_AvgIndSize,AVG CORRECT,AVG MAXSEQ,AVG DAMLEV,AVG LINES,BEST CORRECT,BEST MAXSEQ,BEST DAMLEV,BEST LINES,WORST CORRECT,WORST MAXSEQ,WORST DAMLEV,WORST LINES
0,0,0,7.25382,20,16,2,0.9,40,0,0,0,0,0,81,1,994.1,0.240945,9874,1,996,0.275556,9870,1,990,0.204106,9878
1,18,1,6.93601,20,16,1.95,0.9,54,0,2,16,0.764198,1,81,1,995.4,0.262785,9871.3,1,996,0.275556,9870,1,995,0.249714,9873
2,24,2,6.75209,20,16,1.855,0.909,70,0,2,16,0.754009,1.6,81,1,995.8,0.261383,9871.6,1,996,0.30582,9865,1,995,0.287582,9868
3,29,3,6.56747,20,16,1.7695,0.9171,85,0,3,16,0.77797,1.9,81,1,996,0.264661,9871.2,1,996,0.30582,9865,1,996,0.239583,9874
4,35,4,6.52148,20,16,1.69255,0.92439,101,0,3,16,0.711154,2.25,81,1,996,0.269763,9870.6,1,996,0.30582,9865,1,996,0.250859,9873
5,40,5,6.52081,20,16,1.62329,0.930951,117,0,3,16,0.710154,2.55,81,1,996.05,0.277344,9869.55,1,997,0.30582,9865,1,996,0.260771,9872
6,47,6,6.47658,20,16,1.56097,0.936856,133,0,3,16,0.717006,2.7,81,1,996.2,0.287426,9868,1,997,0.317757,9863,1,996,0.273333,9870
7,53,7,6.48791,20,16,1.50487,0.94217,149,0,3,16,0.700054,3.15,81,1,996.2,0.290746,9867.45,1,997,0.317757,9863,1,996,0.275556,9870
8,59,8,6.5361,20,16,1.45438,0.946953,165,0,3,16,0.683296,2.75,81,1,996.25,0.294947,9866.9,1,997,0.317757,9863,1,996,0.282728,9869
9,66,9,6.5016,20,16,1.40894,0.951258,181,0,3,16,0.668034,3.45,81,1,996.25,0.298239,9866.3,1,997,0.317757,9863,1,996,0.291262,9867
10,72,10,6.46139,20,16,1.36805,0.857132,197,0,3,16,0.649616,3.7,81,1,996.25,0.299793,9866.15,1,997,0.317757,9863,1,996,0.291939,9868
11,78,11,6.43031,20,16,1.33124,0.870419,213,0,3,16,0.659839,3.25,81,1,996.65,0.300786,9865.95,1,997,0.321911,9863,1,996,0.302646,9865
12,84,12,6.33391,20,16,1.29812,0.882377,229,0,3,16,0.65469,2.85,81,1,997,0.299037,9866.35,1,997,0.321911,9863,1,997,0.281628,9869
13,91,13,6.39968,20,16,1.26831,0.893139,245,0,3,16,0.65618,3.3,81,1,997,0.303593,9865.65,1,997,0.321911,9863,1,997,0.284929,9869
14,97,14,6.34183,20,16,1.24148,0.902825,260,0,4,16,0.652123,3.55,81,1,997,0.308538,9864.85,1,997,0.327161,9862,1,997,0.294498,9867
15,103,15,6.18684,20,16,1.21733,0.911543,276,0,4,16,0.648776,2.9,81,1,997,0.314462,9863.9,1,997,0.327161,9862,1,997,0.304762,9865
16,110,16,6.16612,20,16,1.1956,0.919389,292,0,4,16,0.648986,2.7,81,1,997,0.316551,9863.5,1,997,0.327161,9862,1,997,0.311321,9864
17,116,17,6.25047,20,16,1.18582,0.82845,308,0,4,16,0.639616,3.6,81,1,997,0.317179,9863.5,1,997,0.327161,9862,1,997,0.311321,9864
18,122,18,6.20521,20,16,1.16724,0.844605,324,0,4,16,0.64212,3.25,81,1,997,0.321107,9862.8,1,997,0.338384,9860,1,997,0.313417,9864
19,128,19,6.16262,20,16,1.15051,0.859144,339,0,5,16,0.644638,3.35,81,1,997,0.32461,9862.4,1,997,0.338384,9860,1,997,0.317757,9863
20,135,20,6.09291,20,16,1.13546,0.87223,355,0,5,16,0.649585,2.35,81,1,997,0.329806,9861.55,1,997,0.339394,9860,1,997,0.323988,9863
21,141,21,5.97664,20,16,1.12191,0.884007,371,0,5,16,0.650087,3.05,81,1,997,0.330787,9861.35,1,997,0.339394,9860,1,997,0.326132,9862
22,147,22,5.94606,20,16,1.10972,0.894606,387,0,5,16,0.645147,3.7,81,1,997,0.332316,9861.1,1,997,0.344344,9859,1,997,0.326132,9862
23,154,23,6.11946,20,16,1.09875,0.904146,403,0,5,16,0.64858,2.45,81,1,997.1,0.336129,9860.5,1,998,0.333333,9861,1,997,0.331295,9861
24,160,24,6.1828,20,16,1.08888,0.912731,419,0,5,16,0.649483,2.95,81,1,997.1,0.337541,9860.3,1,998,0.333333,9861,1,997,0.333333,9861
25,166,25,6.10129,20,16,1.07999,0.920458,435,0,5,16,0.650033,3.15,81,1,997.2,0.338893,9860,1,998,0.333333,9861,1,997,0.338384,9860
26,173,26,6.0923,20,16,1.07199,0.927412,451,0,5,16,0.642239,3.9,81,1,997.2,0.339639,9859.9,1,998,0.333333,9861,1,997,0.338384,9860
27,179,27,6.20004,20,16,1.06479,0.933671,467,0,5,16,0.639072,2.9,81,1,997.3,0.340024,9859.9,1,998,0.335372,9861,1,997,0.344344,9859
28,185,28,6.23664,20,16,1.05831,0.939304,483,0,5,16,0.639415,3.25,81,1,997.35,0.339393,9860.05,1,998,0.335372,9861,1,997,0.344344,9859
29,192,29,6.21558,20,16,1.05248,0.944373,499,0,5,16,0.630704,3.9,81,1,997.4,0.33752,9860.35,1,998,0.335372,9861,1,997,0.345345,9859
30,198,30,6.1931,20,16,1.04723,0.948936,515,0,5,16,0.628286,4,81,1,997.55,0.333806,9860.95,1,998,0.335372,9861,1,997,0.346346,9859
31,198,30,6.1931,20,16,1.04723,0.948936,515,0,5,16,0.628286,4,81,1,997.55,0.333806,9860.95,1,998,0.335372,9861,1,997,0.346346,9859
31,0,30,6.1931,20,16,1.04723,0.948936,535,0,5,0,0.628286,4,81,1,997.55,0.333806,9860.95,1,998,0.335372,9861,1,997,0.346346,9859
32,14,31,6.16092,20,16,1.04251,0.953042,551,0,5,16,0.467485,4.15,81,1,997.65,0.330632,9861.4,1,998,0.335372,9861,1,997,0.349349,9859
33,23,32,6.04549,20,16,1.03826,0.956738,567,0,5,16,0.529455,4.75,81,1,997.8,0.326784,9861.95,1,998,0.335372,9861,1,997,0.35119,9858
34,31,33,6.00235,20,16,1.03443,0.960064,583,0,5,16,0.495031,4.6,81,1,997.85,0.323571,9862.45,1,998,0.335372,9861,1,997,0.35119,9858
35,41,34,5.86305,20,16,1.03271,0.865058,599,0,5,16,0.488651,4.5,81,1,998,0.318547,9863.25,1,998,0.335372,9861,1,998,0.301282,9866
36,51,35,5.89443,20,16,1.02944,0.877552,615,0,5,16,0.528141,3.15,81,1,998,0.323541,9862.5,1,998,0.338384,9860,1,998,0.314465,9864
37,61,36,5.84957,20,16,1.0265,0.888797,631,0,5,16,0.522968,3.95,81,1,998,0.324346,9862.35,1,998,0.338384,9860,1,998,0.314465,9864
38,70,37,5.6887,20,16,1.02385,0.898917,647,0,5,16,0.536212,3.8,81,1,998,0.327766,9861.8,1,998,0.338384,9860,1,998,0.320872,9863
39,81,38,5.74909,20,16,1.02146,0.908026,663,0,5,16,0.554035,3.45,81,1,998,0.331507,9861.15,1,998,0.338384,9860,1,998,0.320872,9863
40,92,39,5.76826,20,16,1.01932,0.916223,679,0,5,16,0.560166,3.55,81,1,998,0.333001,9860.9,1,998,0.338384,9860,1,998,0.326132,9862
41,102,40,5.82875,20,16,1.01738,0.923601,695,0,5,16,0.559522,3.4,81,1,998,0.334743,9860.6,1,998,0.338384,9860,1,998,0.331295,9861
42,112,41,5.82323,20,16,1.01565,0.930241,711,0,5,16,0.556455,4.3,81,1,998,0.335097,9860.55,1,998,0.338384,9860,1,998,0.332314,9861
43,122,42,5.85112,20,16,1.01408,0.936217,726,0,6,16,0.547832,4.7,81,1,998,0.336912,9860.25,1,998,0.363548,9856,1,998,0.332314,9861
44,132,43,5.88464,20,16,1.01267,0.941595,741,0,7,16,0.545695,5.3,81,1,998,0.337968,9860.1,1,998,0.363548,9856,1,998,0.332314,9861
45,140,44,5.89609,20,16,1.01141,0.946435,757,0,7,16,0.539214,6,81,1,998,0.339578,9859.85,1,998,0.364522,9856,1,998,0.332314,9861
46,147,45,5.98734,20,16,1.01026,0.950792,773,0,7,16,0.533071,5.5,81,1,998,0.338265,9860.05,1,998,0.364522,9856,1,998,0.298077,9866
47,155,46,6.05588,20,16,1.00924,0.954713,789,0,7,16,0.536229,5.25,81,1,998,0.344235,9859.15,1,998,0.364522,9856,1,998,0.333333,9861
48,161,47,6.11653,20,16,1.00831,0.958241,805,0,7,16,0.541077,4.25,81,1,998,0.345209,9859,1,998,0.369082,9855,1,998,0.327161,9862
49,168,48,6.11911,20,16,1.00748,0.961417,820,0,8,16,0.536193,4.65,81,1,998,0.349729,9858.25,1,998,0.374521,9854,1,998,0.337374,9860
50,175,49,6.1371,20,16,1.00673,0.964276,836,0,8,16,0.535913,5.15,81,1,998,0.351363,9858,1,998,0.374521,9854,1,998,0.337374,9860
51,185,50,6.15846,20,16,1.00606,0.966848,852,0,8,16,0.528675,4.75,81,1,998,0.353,9857.8,1,998,0.374521,9854,1,998,0.338384,9860
52,197,51,6.18475,20,16,1.00546,0.969163,868,0,8,16,0.524445,5.25,81,1,998,0.353152,9857.8,1,998,0.374521,9854,1,998,0.339394,9860
53,207,52,6.24146,20,16,1.00518,0.873247,884,0,8,16,0.516291,5.75,81,1,998,0.352191,9857.95,1,998,0.374521,9854,1,998,0.339394,9860
54,219,53,6.17388,20,16,1.00466,0.884922,900,0,8,16,0.520702,5,81,1,998,0.358425,9856.85,1,998,0.374521,9854,1,998,0.344344,9859
55,230,54,6.05869,20,16,1.0042,0.79743,916,0,8,16,0.52487,3.7,81,1,998,0.362661,9856.15,1,998,0.374521,9854,1,998,0.350198,9858
56,240,55,5.94322,20,16,1.00378,0.816687,932,0,8,16,0.532766,3.45,81,1,998,0.369563,9854.85,1,998,0.394444,9850,1,998,0.358899,9857
57,249,56,5.94143,20,16,1.0034,0.834018,948,0,8,16,0.536672,3.2,81,1,998,0.37228,9854.35,1,998,0.394444,9850,1,998,0.36715,9855
58,260,57,5.91076,20,16,1.00306,0.849616,964,0,8,16,0.540767,3.35,81,1,998,0.376199,9853.65,1,998,0.39537,9850,1,998,0.368116,9855
59,267,58,6.00904,20,16,1.00275,0.863655,980,0,8,16,0.542743,3.25,81,1,998,0.378092,9853.35,1,998,0.39537,9850,1,998,0.369082,9855
60,274,59,6.01302,20,16,1.00248,0.876289,995,0,9,16,0.545614,3.2,81,1,998,0.379761,9853.05,1,998,0.39537,9850,1,998,0.371015,9855
61,280,60,6.02613,20,16,1.00223,0.88766,1011,0,9,16,0.546776,2.95,81,1,998,0.382087,9852.65,1,998,0.39537,9850,1,998,0.375479,9854
62,286,61,5.93718,20,16,1.00201,0.897894,1026,0,10,16,0.55099,3.2,81,1,998,0.384792,9852.1,1,998,0.39537,9850,1,998,0.378917,9853
63,293,62,5.84285,20,16,1.00181,0.907105,1042,0,10,16,0.551408,3.4,81,1,998,0.385813,9851.95,1,998,0.39537,9850,1,998,0.379867,9853
64,299,63,5.88611,20,16,1.00172,0.907105,1058,0,10,16,0.547004,4.05,81,1,998,0.386265,9851.9,1,998,0.39537,9850,1,998,0.380817,9853
65,306,64,5.89476,20,16,1.00163,0.817394,1074,0,10,16,0.54633,3.85,81,1,998,0.387906,9851.55,1,998,0.39537,9850,1,998,0.382716,9853
66,312,65,5.79226,20,16,1.00147,0.834655,1090,0,10,16,0.546388,4.2,81,1,998,0.388405,9851.4,1,998,0.39537,9850,1,998,0.385122,9852
67,319,66,5.77119,20,16,1.00132,0.850189,1106,0,10,16,0.546828,4.65,81,1,998,0.388969,9851.3,1,998,0.39537,9850,1,998,0.386064,9852
68,325,67,5.72041,20,16,1.00119,0.864171,1121,0,11,16,0.550055,4.14286,81,1,998,0.390009,9851.1,1,998,0.39537,9850,1,998,0.386064,9852
69,332,68,5.73514,20,16,1.00113,0.778753,1137,0,11,16,0.547711,4.57143,81,1,998,0.390299,9851.05,1,998,0.39537,9850,1,998,0.387006,9852
70,339,69,5.68473,20,16,1.00102,0.701878,1153,0,11,16,0.542107,5.2381,81,1,998,0.390411,9851,1,998,0.39537,9850,1,998,0.387006,9852
71,345,70,5.71718,20,16,1.00091,0.73069,1169,0,11,16,0.546831,3.9,81,1,998,0.392203,9850.65,1,998,0.401286,9849,1,998,0.389356,9851
72,352,71,5.72829,20,16,1.00082,0.756621,1185,0,11,16,0.595243,3.4,81,1,998,0.392804,9850.55,1,998,0.401286,9849,1,998,0.390289,9851
73,358,72,5.75882,20,16,1.00074,0.779959,1199,0,13,16,0.564751,4.2,81,1,998,0.392991,9850.55,1,998,0.401286,9849,1,998,0.390289,9851
74,364,73,5.80147,20,16,1.00067,0.800963,1215,0,13,16,0.570046,4.25,81,1,998,0.394031,9850.4,1,998,0.401286,9849,1,998,0.390289,9851
75,370,74,5.81743,20,16,1.0006,0.819867,1230,0,14,16,0.586589,3.6,81,1,998,0.39544,9850.15,1,998,0.401286,9849,1,998,0.391223,9851
76,377,75,5.74553,20,16,1.00054,0.83688,1245,0,15,16,0.579392,3.7,81,1,998,0.396015,9850.1,1,998,0.402204,9849,1,998,0.393091,9851
77,383,76,5.79468,20,16,1.00049,0.852192,1260,0,16,16,0.553553,4.55,81,1,998,0.396835,9849.9,1,998,0.402204,9849,1,998,0.393091,9851
78,390,77,5.8546,20,16,1.00044,0.865973,1275,0,17,16,0.561,4.05,81,1,998,0.398131,9849.65,1,998,0.406193,9848,1,998,0.394444,9850
79,397,78,5.90083,20,16,1.00039,0.878376,1291,0,17,16,0.564893,4.25,81,1,998,0.398704,9849.6,1,998,0.406193,9848,1,998,0.39537,9850
80,403,79,5.91255,20,16,1.00035,0.889538,1306,0,18,16,0.568239,4.95,81,1,998,0.399831,9849.4,1,998,0.407104,9848,1,998,0.396296,9850
81,409,80,5.93403,20,16,1.00032,0.899584,1322,0,18,16,0.562753,4.95,81,1,998,0.40052,9849.25,1,998,0.411924,9847,1,998,0.396296,9850
82,416,81,5.9807,20,16,1.00029,0.908626,1338,0,18,16,0.554254,4.55,81,1,998,0.401541,9849.1,1,998,0.411924,9847,1,998,0.396296,9850
83,422,82,5.96386,20,16,1.00026,0.916763,1354,0,18,16,0.559915,3.75,81,1,998,0.403028,9848.8,1,998,0.411924,9847,1,998,0.398148,9850
84,429,83,5.93615,20,16,1.00023,0.924087,1370,0,18,16,0.551249,4.6,81,1,998,0.403434,9848.7,1,998,0.411924,9847,1,998,0.398148,9850
85,435,84,5.91236,20,16,1.00021,0.930678,1386,0,18,16,0.548812,4.85,81,1,998,0.404331,9848.5,1,998,0.411924,9847,1,998,0.401286,9849
86,442,85,5.92324,20,16,1.00019,0.83861,1402,0,18,16,0.54025,5.35,81,1,998,0.404128,9848.55,1,998,0.411924,9847,1,998,0.398148,9850
87,448,86,5.93429,20,16,1.00017,0.853749,1418,0,18,16,0.53927,4.6,81,1,998,0.405691,9848.25,1,998,0.411924,9847,1,998,0.401286,9849
88,454,87,5.9428,20,16,1.00015,0.867374,1433,0,19,16,0.542231,4.2,81,1,998,0.406472,9848.1,1,998,0.411924,9847,1,998,0.402204,9849
89,461,88,5.972,20,16,1.00014,0.867374,1449,0,19,16,0.543932,4.6,81,1,998,0.406978,9847.95,1,998,0.411924,9847,1,998,0.40404,9849
90,468,89,5.97862,20,16,1.00013,0.781637,1465,0,19,16,0.541439,4.2,81,1,998,0.407086,9847.9,1,998,0.411924,9847,1,998,0.405282,9848
91,474,90,5.97307,20,16,1.00012,0.802473,1480,0,20,16,0.551139,3.9,81,1,998,0.408932,9847.6,1,998,0.417563,9846,1,998,0.406193,9848
92,480,91,5.959,20,16,1.00011,0.821226,1496,0,20,16,0.552753,3.35,81,1,998,0.40931,9847.55,1,998,0.417563,9846,1,998,0.407104,9848
93,486,92,5.98813,20,16,1.0001,0.838103,1511,0,21,16,0.549028,3.8,81,1,998,0.409883,9847.45,1,998,0.417563,9846,1,998,0.407104,9848
94,493,93,6.00038,20,16,1.00009,0.853293,1527,0,21,16,0.545087,4.6,81,1,998,0.410124,9847.4,1,998,0.417563,9846,1,998,0.407104,9848
95,499,94,6.00038,20,16,1.00008,0.768964,1543,0,21,16,0.539704,5.6,81,1,998,0.410124,9847.4,1,998,0.417563,9846,1,998,0.407104,9848
96,506,95,6.00372,20,16,1.00007,0.791067,1559,0,21,16,0.53469,6.05,81,1,998,0.410215,9847.4,1,998,0.417563,9846,1,998,0.407104,9848
97,513,96,5.97884,20,16,1.00006,0.810961,1574,0,22,16,0.538084,4.9,81,1,998,0.411206,9847.25,1,998,0.417563,9846,1,998,0.407104,9848
98,519,97,5.95842,20,16,1.00006,0.828865,1590,0,22,16,0.541121,4.4,81,1,998,0.412538,9847,1,998,0.417563,9846,1,998,0.408015,9848
99,526,98,5.92157,20,16,1.00005,0.844978,1606,0,22,16,0.538399,4.65,81,1,998,0.413366,9846.8,1,998,0.417563,9846,1,998,0.408925,9848
100,532,99,5.94266,20,16,1.00005,0.85948,1621,0,23,16,0.536985,5.2,81,1,998,0.414449,9846.6,1,998,0.422222,9845,1,998,0.411021,9847
101,538,100,5.95812,20,16,1.00004,0.872532,1637,0,23,16,0.537729,3.7,81,1,998,0.414531,9846.6,1,998,0.422222,9845,1,998,0.408925,9848
102,545,101,5.96601,20,16,1.00004,0.884279,1653,0,23,16,0.536742,4.1,81,1,998,0.415053,9846.5,1,998,0.422222,9845,1,998,0.411924,9847
103,551,102,5.90727,20,16,1.00003,0.894851,1669,0,23,16,0.540196,3.6,81,1,998,0.41599,9846.35,1,998,0.422222,9845,1,998,0.412827,9847
104,558,103,5.88171,20,16,1.00003,0.904366,1685,0,23,16,0.538804,4.5,81,1,998,0.416601,9846.2,1,998,0.425044,9844,1,998,0.412827,9847
105,564,104,5.90542,20,16,1.00003,0.912929,1701,0,23,16,0.537505,4.8,81,1,998,0.418068,9845.8,1,998,0.429571,9843,1,998,0.413731,9847
106,571,105,5.93444,20,16,1.00002,0.920636,1716,0,24,16,0.537236,4.75,81,1,998,0.419108,9845.55,1,998,0.429571,9843,1,998,0.413731,9847
107,578,106,5.90752,20,16,1.00002,0.927573,1732,0,24,16,0.537656,4.65,81,1,998,0.419667,9845.45,1,998,0.429571,9843,1,998,0.415771,9846
108,585,107,5.85869,20,16,1.00002,0.933816,1748,0,24,16,0.537202,4.25,81,1,998,0.420606,9845.2,1,998,0.429571,9843,1,998,0.416667,9846
109,591,108,5.85869,20,16,1.00002,0.841434,1763,0,25,16,0.533595,5.25,81,1,998,0.420606,9845.2,1,998,0.429571,9843,1,998,0.416667,9846
110,598,109,5.85711,20,16,1.00002,0.758291,1779,0,25,16,0.529544,5.6,81,1,998,0.420462,9845.25,1,998,0.429571,9843,1,998,0.416667,9846
111,604,110,5.85827,20,16,1.00001,0.781462,1795,0,25,16,0.526617,5.2,81,1,998,0.420652,9845.2,1,998,0.429571,9843,1,998,0.416667,9846
112,611,111,5.8553,20,16,1.00001,0.802315,1811,0,25,16,0.527718,5.3,81,1,998,0.421315,9845,1,998,0.429571,9843,1,998,0.417563,9846
113,617,112,5.79675,20,16,1.00001,0.821084,1826,0,26,16,0.52615,5.15,81,1,998,0.421789,9844.85,1,998,0.429571,9843,1,998,0.418459,9846
114,624,113,5.6787,20,16,1.00001,0.837975,1841,0,27,16,0.528955,4.8,81,1,998,0.422552,9844.55,1,998,0.429571,9843,1,998,0.419355,9846
115,630,114,5.68666,20,16,1.00001,0.853178,1857,0,27,16,0.529507,4.90476,81,1,998,0.423284,9844.38,1,998,0.429571,9843,1,998,0.419556,9845
116,637,115,5.70041,20,16,1.00001,0.853178,1873,0,27,16,0.529801,4.66667,81,1,998,0.42373,9844.24,1,998,0.429571,9843,1,998,0.420444,9845
117,644,116,5.72934,20,16,1.00001,0.853178,1888,0,28,16,0.527643,5.14286,81,1,998,0.423949,9844.19,1,998,0.429571,9843,1,998,0.420444,9845
118,650,117,5.74824,20,16,1.00001,0.86686,1904,0,28,16,0.527029,4.57143,81,1,998,0.424686,9844.05,1,998,0.429571,9843,1,998,0.420444,9845
119,657,118,5.73762,20,16,1.00001,0.781174,1920,0,28,16,0.52559,5.19048,81,1,998,0.424779,9844,1,998,0.429571,9843,1,998,0.420444,9845
120,663,119,5.69411,20,16,1.00001,0.802057,1936,0,28,16,0.523102,4.6,81,1,998,0.42527,9843.9,1,998,0.430446,9843,1,998,0.422222,9845
121,669,120,5.65245,20,16,1.00001,0.820851,1950,0,30,16,0.523858,5.15,81,1,998,0.425685,9843.8,1,998,0.430446,9843,1,998,0.422399,9844
122,677,121,5.71487,20,16,1,0.837766,1966,0,30,16,0.523648,5.35,81,1,998,0.425949,9843.8,1,998,0.430446,9843,1,998,0.422399,9844
123,683,122,5.69067,20,16,1,0.852989,1982,0,30,16,0.525692,5.15,81,1,998,0.427208,9843.55,1,998,0.434028,9842,1,998,0.425044,9844
124,690,123,5.68452,20,16,1,0.86669,1998,0,30,16,0.524348,5.05,81,1,998,0.427661,9843.45,1,998,0.434028,9842,1,998,0.425044,9844
125,696,124,5.70219,20,16,1,0.879021,2014,0,30,16,0.526135,4.85,81,1,998,0.428247,9843.3,1,998,0.434028,9842,1,998,0.425044,9844
126,703,125,5.69477,20,16,1,0.890119,2030,0,30,16,0.526266,4.45,81,1,998,0.428923,9843.15,1,998,0.434028,9842,1,998,0.425044,9844
127,710,126,5.71232,20,16,1,0.900107,2046,0,30,16,0.526899,3.75,81,1,998,0.429435,9842.95,1,998,0.434028,9842,1,998,0.425926,9844
128,717,127,5.69757,20,16,1,0.811097,2062,0,30,16,0.525443,3.9,81,1,998,0.429529,9842.9,1,998,0.434028,9842,1,998,0.426808,9844
129,723,128,5.59934,20,16,1,0.828987,2078,0,30,16,0.525168,4.2,81,1,998,0.430303,9842.65,1,998,0.434028,9842,1,998,0.426947,9843
130,730,129,5.61034,20,16,1,0.845088,2093,0,31,16,0.52623,4.4,81,1,998,0.430838,9842.55,1,998,0.434028,9842,1,998,0.426947,9843
131,737,130,5.66084,20,16,1,0.845088,2109,0,31,16,0.525487,4.4,81,1,998,0.431498,9842.5,1,998,0.434028,9842,1,998,0.429571,9843
132,744,131,5.66773,20,16,1,0.859579,2125,0,31,16,0.524382,5.2,81,1,998,0.431896,9842.45,1,998,0.435764,9842,1,998,0.429571,9843
133,751,132,5.66155,20,16,1,0.872621,2141,0,31,16,0.524085,5.2,81,1,998,0.431979,9842.45,1,998,0.438415,9841,1,998,0.429571,9843
134,757,133,5.6531,20,16,1,0.884359,2157,0,31,16,0.523159,5.2,81,1,998,0.432072,9842.4,1,998,0.438415,9841,1,998,0.429571,9843
135,764,134,5.67959,20,16,1,0.894923,2173,0,31,16,0.521972,4.85,81,1,998,0.432294,9842.35,1,998,0.438415,9841,1,998,0.429571,9843
136,770,135,5.71095,20,16,1,0.904431,2189,0,31,16,0.523676,4.7,81,1,998,0.432696,9842.25,1,998,0.438415,9841,1,998,0.430446,9843
137,777,136,5.6582,20,16,1,0.912988,2204,0,32,16,0.522784,4.95,81,1,998,0.432837,9842.15,1,998,0.438415,9841,1,998,0.430446,9843
138,783,137,5.64596,20,16,1,0.920689,2220,0,32,16,0.522689,5.2,81,1,998,0.433415,9842,1,998,0.438415,9841,1,998,0.431321,9843
139,790,138,5.62091,20,16,1,0.92762,2236,0,32,16,0.522041,4.95,81,1,998,0.433943,9841.85,1,998,0.441026,9840,1,998,0.431321,9843
140,797,139,5.56815,20,16,1,0.933858,2252,0,32,16,0.522053,4.5,81,1,998,0.434169,9841.75,1,998,0.441026,9840,1,998,0.432292,9842
141,803,140,5.57453,20,16,1,0.939472,2267,0,33,16,0.520304,5,81,1,998,0.434169,9841.75,1,998,0.441026,9840,1,998,0.432292,9842
142,810,141,5.57765,20,16,1,0.944525,2283,0,33,16,0.519572,5.5,81,1,998,0.434344,9841.7,1,998,0.441026,9840,1,998,0.432292,9842
143,817,142,5.60513,20,16,1,0.949073,2299,0,33,16,0.519876,5.55,81,1,998,0.435087,9841.55,1,998,0.442735,9840,1,998,0.432292,9842
144,824,143,5.61398,20,16,1,0.953165,2315,0,33,16,0.520018,6.05,81,1,998,0.435524,9841.45,1,998,0.442735,9840,1,998,0.432292,9842
145,831,144,5.63929,20,16,1,0.956849,2331,0,33,16,0.518155,5.55,81,1,998,0.435342,9841.5,1,998,0.442735,9840,1,998,0.429571,9843
146,837,145,5.65508,20,16,1,0.960164,2347,0,33,16,0.516194,5.05,81,1,998,0.434979,9841.6,1,998,0.442735,9840,1,998,0.425044,9844
147,845,146,5.70988,20,16,1,0.865148,2363,0,33,16,0.514432,5.05,81,1,998,0.434162,9841.8,1,998,0.442735,9840,1,998,0.418667,9845
148,851,147,5.72168,20,16,1,0.877633,2379,0,33,16,0.513362,4.85,81,1,998,0.435335,9841.5,1,998,0.442735,9840,1,998,0.429571,9843
149,858,148,5.70184,20,16,1,0.88887,2395,0,33,16,0.514359,4.45,81,1,998,0.436353,9841.25,1,998,0.442735,9840,1,998,0.430446,9843
150,865,149,5.71355,20,16,1,0.898983,2411,0,33,16,0.5146,4.45,81,1,998,0.436616,9841.2,1,998,0.442735,9840,1,998,0.430446,9843
151,871,150,5.69571,20,16,1,0.908084,2426,0,34,16,0.513593,5.3,81,1,998,0.437316,9841.05,1,998,0.444444,9840,1,998,0.431424,9842
152,878,151,5.67775,20,16,1,0.916276,2442,0,34,16,0.512165,5.4,81,1,998,0.43793,9840.9,1,998,0.444444,9840,1,998,0.432292,9842
153,885,152,5.7075,20,16,1,0.825648,2458,0,34,16,0.510734,4.4,81,1,998,0.436425,9841.25,1,998,0.444444,9840,1,998,0.424162,9844
154,891,153,5.73559,20,16,1,0.842083,2474,0,34,16,0.511225,4.75,81,1,998,0.437745,9841,1,998,0.447837,9839,1,998,0.432292,9842
155,898,154,5.73249,20,16,1,0.856875,2490,0,34,16,0.509856,4.85,81,1,998,0.438993,9840.75,1,998,0.452862,9838,1,998,0.434028,9842
156,904,155,5.74274,20,16,1,0.870188,2506,0,34,16,0.510725,4.6,81,1,998,0.440298,9840.45,1,998,0.452862,9838,1,998,0.435831,9841
157,911,156,5.74457,20,16,1,0.882169,2522,0,34,16,0.510662,4.8,81,1,998,0.44116,9840.35,1,998,0.452862,9838,1,998,0.436693,9841
158,917,157,5.7501,20,16,1,0.892952,2537,0,35,16,0.511154,5,81,1,998,0.441247,9840.35,1,998,0.452862,9838,1,998,0.437554,9841
159,924,158,5.75722,20,16,1,0.902657,2553,0,35,16,0.509647,4.5,81,1,998,0.441202,9840.4,1,998,0.452862,9838,1,998,0.437554,9841
160,930,159,5.75742,20,16,1,0.911391,2568,0,36,16,0.508921,5,81,1,998,0.441245,9840.4,1,998,0.452862,9838,1,998,0.437554,9841
161,937,160,5.74321,20,16,1,0.919252,2584,0,36,16,0.509117,4.95,81,1,998,0.44256,9840.15,1,998,0.453704,9838,1,998,0.437554,9841
162,944,161,5.74038,20,16,1,0.926327,2600,0,36,16,0.509141,4.6,81,1,998,0.443035,9840.05,1,998,0.453704,9838,1,998,0.437554,9841
163,953,162,5.7006,20,16,1,0.932694,2616,0,36,16,0.508466,4.95,81,1,998,0.443468,9839.95,1,998,0.453704,9838,1,998,0.439276,9841
164,973,163,5.73215,20,16,1,0.840425,2632,0,36,16,0.508283,5.3,81,1,998,0.443426,9839.95,1,998,0.453704,9838,1,998,0.439276,9841
165,980,164,5.7302,20,16,1,0.757382,2648,0,36,16,0.506901,5.55,81,1,998,0.443048,9840.05,1,998,0.453704,9838,1,998,0.439276,9841
166,986,165,5.75794,20,16,1,0.682644,2662,0,38,16,0.506602,5.55,81,1,998,0.442924,9840.05,1,998,0.453704,9838,1,998,0.439276,9841
167,993,166,5.75756,20,16,1,0.71338,2677,0,39,16,0.507421,4.25,81,1,998,0.443781,9839.9,1,998,0.453704,9838,1,998,0.440138,9841
168,999,167,5.73355,20,16,1,0.741042,2692,0,40,16,0.507744,4.25,81,1,998,0.444167,9839.85,1,998,0.453704,9838,1,998,0.440138,9841
169,1006,168,5.61297,20,16,1,0.741042,2708,0,40,16,0.508709,3.7,81,1,998,0.445788,9839.55,1,998,0.453704,9838,1,998,0.44188,9840
170,1014,169,5.50545,20,16,1,0.741042,2724,0,40,16,0.509397,4.2,81,1,998,0.446427,9839.5,1,998,0.453704,9838,1,998,0.44359,9840
171,1020,170,5.4922,20,16,1,0.667937,2738,0,42,16,0.510514,3.52381,81,1,998,0.447058,9839.38,1,998,0.453704,9838,1,998,0.444444,9840
172,1027,171,5.49549,20,16,1,0.602144,2753,0,43,16,0.510548,4.38095,81,1,998,0.447221,9839.38,1,998,0.453704,9838,1,998,0.444444,9840
173,1033,172,5.50049,20,16,1,0.542929,2768,0,44,16,0.510416,4.61905,81,1,998,0.448069,9839.19,1,998,0.453704,9838,1,998,0.444444,9840
174,1039,173,5.48158,20,16,1,0.542929,2782,0,46,16,0.512007,3.71429,81,1,998,0.449073,9838.95,1,998,0.453704,9838,1,998,0.445299,9840
175,1046,174,5.43924,20,16,1,0.587636,2797,0,47,16,0.512788,3.35,81,1,998,0.450604,9838.55,1,998,0.456976,9837,1,998,0.448685,9839
176,1052,175,5.4487,20,16,1,0.627873,2811,0,49,16,0.514505,4.25,81,1,998,0.45135,9838.35,1,998,0.456976,9837,1,998,0.448685,9839
177,1059,176,5.453,20,16,1,0.664086,2826,0,50,16,0.513633,4.75,81,1,998,0.451764,9838.25,1,998,0.456976,9837,1,998,0.448685,9839
178,1066,177,5.47451,20,16,1,0.696677,2842,0,50,16,0.515316,4.7,81,1,998,0.45293,9837.95,1,998,0.456976,9837,1,998,0.448685,9839
179,1073,178,5.50123,20,16,1,0.726009,2857,0,51,16,0.515023,3.85,81,1,998,0.453514,9837.8,1,998,0.456976,9837,1,998,0.449533,9839
180,1080,179,5.49474,20,16,1,0.752408,2871,0,53,16,0.515159,4.45,81,1,998,0.453929,9837.7,1,998,0.456976,9837,1,998,0.45202,9838
181,1087,180,5.50032,20,16,1,0.776167,2887,0,53,16,0.514083,4.45,81,1,998,0.454134,9837.65,1,998,0.456976,9837,1,998,0.45202,9838
182,1093,181,5.49638,20,16,1,0.797551,2903,0,53,16,0.514878,5.2,81,1,998,0.454666,9837.5,1,998,0.45937,9836,1,998,0.452862,9838
183,1100,182,5.49189,20,16,1,0.718796,2918,0,54,16,0.514284,6.05,81,1,998,0.454871,9837.45,1,998,0.45937,9836,1,998,0.452862,9838
184,1106,183,5.48453,20,16,1,0.745916,2932,0,56,16,0.514017,6.05,81,1,998,0.455077,9837.4,1,998,0.45937,9836,1,998,0.452862,9838
185,1113,184,5.49587,20,16,1,0.770324,2948,0,56,16,0.513754,5.55,81,1,998,0.455077,9837.4,1,998,0.45937,9836,1,998,0.452862,9838
186,1120,185,5.51025,20,16,1,0.792292,2964,0,56,16,0.513403,5.55,81,1,998,0.455239,9837.35,1,998,0.45937,9836,1,998,0.452862,9838
187,1127,186,5.51387,20,16,1,0.812063,2980,0,56,16,0.514444,5.3,81,1,998,0.456417,9837,1,998,0.463374,9835,1,998,0.452862,9838
188,1134,187,5.53265,20,16,1,0.731857,2995,0,57,16,0.513914,4.3,81,1,998,0.456211,9837.05,1,998,0.463374,9835,1,998,0.45202,9838
189,1141,188,5.54659,20,16,1,0.757671,3011,0,57,16,0.513709,4.25,81,1,998,0.456459,9837,1,998,0.463374,9835,1,998,0.452862,9838
190,1148,189,5.56014,20,16,1,0.682904,3027,0,57,16,0.511967,4.75,81,1,998,0.456254,9837.05,1,998,0.463374,9835,1,998,0.452862,9838
191,1154,190,5.55607,20,16,1,0.713613,3042,1,57,16,0.511124,5.2,81,1,998,0.456417,9837,1,998,0.463374,9835,1,998,0.452862,9838
192,1161,191,5.54845,20,16,1,0.741252,3058,1,57,16,0.511287,4.9,81,1,998,0.45687,9836.9,1,998,0.463374,9835,1,998,0.452862,9838
193,1168,192,5.5594,20,16,1,0.766127,3074,1,57,16,0.511495,5.15,81,1,998,0.457195,9836.8,1,998,0.463374,9835,1,998,0.452862,9838
194,1175,193,5.55811,20,16,1,0.690514,3090,1,57,16,0.510464,5.35,81,1,998,0.457318,9836.75,1,998,0.463374,9835,1,998,0.452862,9838
195,1181,194,5.54456,20,16,1,0.720463,3104,1,59,16,0.511207,5.1,81,1,998,0.458132,9836.55,1,998,0.463374,9835,1,998,0.45614,9837
196,1188,195,5.56039,20,16,1,0.747416,3120,1,59,16,0.511362,5.1,81,1,998,0.458012,9836.6,1,998,0.463374,9835,1,998,0.45614,9837
197,1195,196,5.57195,20,16,1,0.771675,3136,1,59,16,0.511161,4.1,81,1,998,0.45785,9836.65,1,998,0.464198,9835,1,998,0.45614,9837
198,1201,197,5.57195,20,16,1,0.695507,3151,1,60,16,0.509887,5.1,81,1,998,0.45785,9836.65,1,998,0.464198,9835,1,998,0.45614,9837
199,1208,198,5.57073,20,16,1,0.724957,3167,1,60,16,0.509399,5.5,81,1,998,0.45809,9836.55,1,998,0.464198,9835,1,998,0.45614,9837
200,1215,199,5.5762,20,16,1,0.751461,3182,1,61,16,0.509973,5.2,81,1,998,0.458816,9836.4,1,998,0.46732,9834,1,998,0.45614,9837
201,1222,200,5.53117,20,16,1,0.775315,3198,1,61,16,0.510856,4.75,81,1,998,0.459939,9836.1,1,998,0.46732,9834,1,998,0.456976,9837
202,1228,201,5.53508,20,16,1,0.796783,3213,1,62,16,0.51,4.25,81,1,998,0.460176,9836,1,998,0.46732,9834,1,998,0.456976,9837
203,1235,202,5.4761,20,16,1,0.816105,3229,1,62,16,0.510593,4.25,81,1,998,0.460938,9835.75,1,998,0.46732,9834,1,998,0.456976,9837
204,1242,203,5.41776,20,16,1,0.735495,3245,1,62,16,0.510962,4.05,81,1,998,0.461422,9835.6,1,998,0.46732,9834,1,998,0.45937,9836
205,1249,204,5.44173,20,16,1,0.760945,3260,1,63,16,0.510702,3.55,81,1,998,0.461456,9835.55,1,998,0.46732,9834,1,998,0.45937,9836
206,1255,205,5.43918,20,16,1,0.760945,3275,1,64,16,0.510772,4.4,81,1,998,0.461774,9835.45,1,998,0.46732,9834,1,998,0.45937,9836
207,1262,206,5.43559,20,16,1,0.783851,3290,1,65,16,0.511169,3.9,81,1,998,0.462655,9835.25,1,998,0.46732,9834,1,998,0.460199,9836
208,1268,207,5.42396,20,16,1,0.706466,3306,1,65,16,0.511615,4.7,81,1,998,0.462973,9835.15,1,998,0.46732,9834,1,998,0.460199,9836
209,1275,208,5.41149,20,16,1,0.734819,3322,1,65,16,0.512427,4.6,81,1,998,0.463805,9834.9,1,998,0.46732,9834,1,998,0.460199,9836
210,1282,209,5.36197,20,16,1,0.760337,3337,1,66,16,0.513204,4.38095,81,1,998,0.464322,9834.81,1,998,0.46732,9834,1,998,0.462551,9835
211,1289,210,5.37067,20,16,1,0.783303,3353,1,66,16,0.512929,4.14286,81,1,998,0.464322,9834.81,1,998,0.46732,9834,1,998,0.462551,9835
212,1296,211,5.37647,20,16,1,0.705973,3368,1,67,16,0.511954,4.61905,81,1,998,0.464361,9834.81,1,998,0.46732,9834,1,998,0.462551,9835
213,1302,212,5.35422,20,16,1,0.734376,3384,1,67,16,0.511314,4.71429,81,1,998,0.464588,9834.76,1,998,0.46732,9834,1,998,0.463374,9835
214,1309,213,5.34573,20,16,1,0.759938,3400,1,67,16,0.511965,5.1,81,1,998,0.464928,9834.7,1,998,0.468137,9834,1,998,0.463374,9835
215,1316,214,5.34725,20,16,1,0.782944,3416,1,67,16,0.512323,5.35,81,1,998,0.465208,9834.65,1,998,0.468137,9834,1,998,0.463374,9835
216,1323,215,5.36422,20,16,1,0.80365,3432,1,67,16,0.512911,5.1,81,1,998,0.465487,9834.6,1,998,0.468137,9834,1,998,0.464198,9835
217,1330,216,5.37237,20,16,1,0.724285,3447,1,68,16,0.512079,4.6,81,1,998,0.46529,9834.65,1,998,0.468137,9834,1,998,0.463374,9835
218,1336,217,5.37582,20,16,1,0.750856,3463,1,68,16,0.51163,5.55,81,1,998,0.465487,9834.6,1,998,0.468137,9834,1,998,0.464198,9835
219,1343,218,5.39072,20,16,1,0.774771,3478,1,69,16,0.511161,5.55,81,1,998,0.465528,9834.6,1,998,0.468137,9834,1,998,0.464198,9835
220,1350,219,5.42723,20,16,1,0.796294,3494,1,69,16,0.511434,4.55,81,1,998,0.465523,9834.6,1,998,0.468137,9834,1,998,0.460199,9836
221,1357,220,5.40985,20,16,1,0.815664,3510,1,69,16,0.510869,4.95,81,1,998,0.466235,9834.4,1,998,0.468137,9834,1,998,0.464198,9835
222,1364,221,5.40839,20,16,1,0.833098,3525,1,70,16,0.511804,5,81,1,998,0.466786,9834.25,1,998,0.468954,9834,1,998,0.464198,9835
223,1371,222,5.41565,20,16,1,0.848788,3541,1,70,16,0.511296,5.5,81,1,998,0.466786,9834.25,1,998,0.468954,9834,1,998,0.464198,9835
224,1378,223,5.43528,20,16,1,0.862909,3557,1,70,16,0.511516,4.6,81,1,998,0.467016,9834.15,1,998,0.468954,9834,1,998,0.464198,9835
225,1385,224,5.46668,20,16,1,0.875618,3573,1,70,16,0.510392,4.1,81,1,998,0.466901,9834.2,1,998,0.468954,9834,1,998,0.464198,9835
226,1391,225,5.48621,20,16,1,0.789057,3588,1,71,16,0.509449,4.6,81,1,998,0.466786,9834.25,1,998,0.468954,9834,1,998,0.464198,9835
227,1398,226,5.46796,20,16,1,0.809151,3603,1,72,16,0.50913,5.35,81,1,998,0.467254,9834.1,1,998,0.468954,9834,1,998,0.465021,9835
228,1405,227,5.48176,20,16,1,0.729236,3618,1,73,16,0.508429,5.85,81,1,998,0.467098,9834.15,1,998,0.468954,9834,1,998,0.464198,9835
229,1412,228,5.47842,20,16,1,0.755312,3633,1,74,16,0.508133,5.85,81,1,998,0.467369,9834.05,1,998,0.468954,9834,1,998,0.465686,9834
230,1419,229,5.48732,20,16,1,0.778781,3649,1,74,16,0.508462,5.45,81,1,998,0.467574,9834.05,1,998,0.470588,9834,1,998,0.466503,9834
231,1425,230,5.52281,20,16,1,0.799903,3664,1,75,16,0.508113,4.95,81,1,998,0.467492,9834.05,1,998,0.470588,9834,1,998,0.466503,9834
232,1432,231,5.52657,20,16,1,0.818913,3680,1,75,16,0.507865,4.45,81,1,998,0.467638,9833.95,1,998,0.470588,9834,1,998,0.466503,9834
233,1439,232,5.52229,20,16,1,0.836021,3696,1,75,16,0.508567,4.55,81,1,998,0.467851,9834,1,998,0.470588,9834,1,998,0.466503,9834
234,1446,233,5.52995,20,16,1,0.753419,3711,1,76,16,0.507748,4.05,81,1,998,0.467457,9834.1,1,998,0.470588,9834,1,998,0.464198,9835
235,1452,234,5.52601,20,16,1,0.777077,3727,1,76,16,0.507875,4.9,81,1,998,0.468086,9833.95,1,998,0.470588,9834,1,998,0.466503,9834
236,1459,235,5.4921,20,16,1,0.79837,3743,1,76,16,0.508057,5.1,81,1,998,0.468554,9833.85,1,998,0.474235,9832,1,998,0.46732,9834
237,1467,236,5.49435,20,16,1,0.817533,3759,1,76,16,0.508094,5.1,81,1,998,0.469088,9833.7,1,998,0.478817,9831,1,998,0.46732,9834
238,1474,237,5.48008,20,16,1,0.736779,3775,1,76,16,0.507937,5.6,81,1,998,0.46917,9833.7,1,998,0.478817,9831,1,998,0.46732,9834
239,1481,238,5.48079,20,16,1,0.762101,3791,1,76,16,0.507199,5.6,81,1,998,0.469745,9833.55,1,998,0.478817,9831,1,998,0.46732,9834
240,1487,239,5.44865,20,16,1,0.784891,3807,1,76,16,0.507665,5.1,81,1,998,0.470238,9833.4,1,998,0.478817,9831,1,998,0.46732,9834
241,1495,240,5.45736,20,16,1,0.707402,3823,1,76,16,0.506415,5.6,81,1,998,0.470082,9833.45,1,998,0.478817,9831,1,998,0.465021,9835
242,1505,241,5.45184,20,16,1,0.735662,3839,1,76,16,0.506399,5.05,81,1,998,0.470288,9833.45,1,998,0.478817,9831,1,998,0.468137,9834
243,1518,242,5.41469,20,16,1,0.761096,3855,1,76,16,0.506911,4.95,81,1,998,0.471389,9833.1,1,998,0.481746,9830,1,998,0.468137,9834
244,1530,243,5.38375,20,16,1,0.783986,3871,1,76,16,0.507284,5,81,1,998.05,0.472616,9832.75,1,999,0.478817,9831,1,998,0.468137,9834
245,1540,244,5.37659,20,16,1,0.804588,3886,1,77,16,0.507357,4.5,81,1,998.05,0.472685,9832.7,1,999,0.478817,9831,1,998,0.465686,9834
246,1552,245,5.36311,20,16,1,0.823129,3902,1,77,16,0.50748,3.55,81,1,998.1,0.474747,9832.1,1,999,0.478817,9831,1,998,0.468954,9834
247,1564,246,5.25242,20,16,1,0.839816,3916,1,79,16,0.507917,3.3,81,1,998.15,0.475471,9831.85,1,999,0.478817,9831,1,998,0.470397,9833
248,1574,247,5.26161,20,16,1,0.854834,3932,1,79,16,0.676954,3.35,81,1,998.25,0.476528,9831.55,1,999,0.478817,9831,1,998,0.474235,9832
249,1583,248,5.26769,20,16,1,0.868351,3948,1,79,16,0.486399,3.85,81,1,998.25,0.476488,9831.55,1,999,0.478817,9831,1,998,0.474235,9832
250,1592,249,5.30514,20,16,1,0.880516,3964,1,79,16,0.446021,4.05,81,1,998.35,0.474689,9832.05,1,999,0.478817,9831,1,998,0.474235,9832
251,1601,250,5.31979,20,16,1,0.891464,3980,1,79,16,0.474219,4.2,81,1,998.35,0.474998,9832,1,999,0.478817,9831,1,998,0.47504,9832
252,1610,251,5.33765,20,16,1,0.901318,3996,1,79,16,0.502042,4.4,81,1,998.55,0.474176,9832.2,1,999,0.478817,9831,1,998,0.475845,9832
253,1619,252,5.37708,20,16,1,0.910186,4012,1,79,16,0.51452,4.4,81,1,998.75,0.472223,9832.75,1,999,0.478817,9831,1,998,0.478018,9831
254,1627,253,5.41753,20,16,1,0.918167,4028,1,79,16,0.519574,3.71429,81,1,999,0.469147,9833.57,1,999,0.478817,9831,1,999,0.453704,9838
255,1636,254,5.39111,20,16,1,0.827351,4044,1,79,16,0.513706,4.33333,81,1,999,0.47036,9833.19,1,999,0.478817,9831,1,999,0.458541,9836
256,1644,255,5.39482,20,16,1,0.745616,4060,1,79,16,0.502822,4.7619,81,1,999,0.470707,9833.1,1,999,0.478817,9831,1,999,0.462551,9835
257,1652,256,5.40477,20,16,1,0.672054,4075,1,80,16,0.495369,4.57143,81,1,999,0.471126,9833,1,999,0.478817,9831,1,999,0.464198,9835
258,1660,257,5.37117,20,16,1,0.703849,4090,1,81,16,0.489725,4.04762,81,1,999,0.472245,9832.71,1,999,0.478817,9831,1,999,0.466503,9834
259,1671,258,5.36619,20,16,1,0.732464,4106,1,81,16,0.496561,4.33333,81,1,999,0.473022,9832.52,1,999,0.478817,9831,1,999,0.468954,9834
260,1679,259,5.3658,20,16,1,0.758217,4121,1,82,16,0.493507,5.09524,81,1,999,0.473602,9832.33,1,999,0.478817,9831,1,999,0.468954,9834
261,1686,260,5.35958,20,16,1,0.781396,4136,1,83,16,0.491424,5.66667,81,1,999,0.473853,9832.24,1,999,0.478817,9831,1,999,0.470397,9833
262,1695,261,5.35084,20,16,1,0.802256,4152,1,83,16,0.489627,5.28571,81,1,999,0.474113,9832.19,1,999,0.478817,9831,1,999,0.470397,9833
263,1704,262,5.34408,20,16,1,0.72303,4168,1,83,16,0.489144,5.47619,81,1,999,0.474047,9832.24,1,999,0.478817,9831,1,999,0.471208,9833
264,1712,263,5.36133,20,16,1,0.749727,4183,1,84,16,0.481589,5,81,1,999,0.473795,9832.33,1,999,0.478817,9831,1,999,0.468954,9834
265,1719,264,5.35749,20,16,1,0.773755,4197,1,86,16,0.480677,5.42857,81,1,999,0.474227,9832.19,1,999,0.478817,9831,1,999,0.471208,9833
266,1727,265,5.35303,20,16,1,0.795379,4212,1,87,16,0.476577,5.42857,81,1,999,0.474266,9832.19,1,999,0.478817,9831,1,999,0.471208,9833
267,1735,266,5.35477,20,16,1,0.716841,4228,1,87,16,0.475064,6.28571,81,1,999,0.474448,9832.14,1,999,0.478817,9831,1,999,0.471208,9833
268,1745,267,5.38432,20,16,1,0.716841,4244,1,87,16,0.47474,5.52381,81,1,999,0.474809,9832.05,1,999,0.478817,9831,1,999,0.471208,9833
269,1753,268,5.39616,20,16,1,0.646157,4260,1,87,16,0.476182,5.52381,81,1,999,0.474847,9832.05,1,999,0.478817,9831,1,999,0.472019,9833
270,1761,269,5.39856,20,16,1,0.582541,4275,1,88,16,0.475283,5.52381,81,1,999,0.474665,9832.1,1,999,0.478817,9831,1,999,0.472019,9833
271,1769,270,5.40666,20,16,1,0.525287,4291,1,88,16,0.474078,5.95238,81,1,999,0.474951,9832,1,999,0.478817,9831,1,999,0.472019,9833
272,1777,271,5.43608,20,16,1,0.473759,4306,1,89,16,0.470014,5.47619,81,1,999,0.47455,9832.1,1,999,0.478817,9831,1,999,0.472019,9833
273,1785,272,5.43599,20,16,1,0.473759,4321,1,90,16,0.474657,5,81,1,999,0.475335,9831.81,1,999,0.478817,9831,1,999,0.472019,9833
274,1793,273,5.4219,20,16,1,0.525383,4336,1,91,16,0.473544,4.61905,81,1,999,0.475725,9831.67,1,999,0.478817,9831,1,999,0.47343,9832
275,1803,274,5.42929,20,16,1,0.525383,4350,2,92,16,0.47137,4.57143,81,1,999,0.475737,9831.71,1,999,0.478817,9831,1,999,0.474235,9832
276,1810,275,5.41851,20,16,1,0.571844,4363,3,94,16,0.474512,5,81,1,999,0.47627,9831.6,1,999,0.479616,9831,1,999,0.474235,9832
277,1819,276,5.42465,20,16,1,0.61366,4378,3,95,16,0.44725,5.3,81,1,999,0.476431,9831.6,1,999,0.479616,9831,1,999,0.474235,9832
278,1828,277,5.42953,20,16,1,0.553294,4394,3,95,16,0.41834,4.8,81,1,999,0.476093,9831.7,1,999,0.479616,9831,1,999,0.474235,9832
279,1838,278,5.43381,20,16,1,0.498965,4409,3,96,16,0.400265,5.3,81,1,999,0.476174,9831.7,1,999,0.479616,9831,1,999,0.474235,9832
280,1847,279,5.40154,20,16,1,0.548068,4423,3,98,16,0.445875,4.9,81,1,999,0.476833,9831.6,1,999,0.479616,9831,1,999,0.474235,9832
281,1855,280,5.40857,20,16,1,0.494261,4436,4,100,16,0.442974,4.9,81,1,999,0.476765,9831.65,1,999,0.479616,9831,1,999,0.47504,9832
282,1863,281,5.4028,20,16,1,0.543835,4450,4,102,16,0.436043,5.85,81,1,999,0.476954,9831.6,1,999,0.479616,9831,1,999,0.47504,9832
283,1873,282,5.34932,20,16,1,0.588452,4466,4,102,16,0.436071,5.1,81,1,999,0.477251,9831.5,1,999,0.479616,9831,1,999,0.47504,9832
284,1884,283,5.34934,20,16,1,0.628607,4482,4,102,16,0.618985,4.85,81,1,999,0.477749,9831.4,1,999,0.480416,9831,1,999,0.475845,9832
285,1894,284,5.34406,20,16,1,0.664746,4497,4,103,16,0.488709,5.25,81,1,999,0.478086,9831.3,1,999,0.480416,9831,1,999,0.475845,9832
286,1904,285,5.35328,20,16,1,0.697271,4512,4,104,16,0.53304,4.75,81,1,999,0.478312,9831.25,1,999,0.483333,9830,1,999,0.475845,9832
287,1915,286,5.35593,20,16,1,0.726544,4528,4,104,16,0.500231,4.75,81,1,999,0.47842,9831.2,1,999,0.483333,9830,1,999,0.475845,9832
288,1925,287,5.35039,20,16,1,0.75289,4544,4,104,16,0.481656,5.4,81,1,999,0.478569,9831.15,1,999,0.483333,9830,1,999,0.475845,9832
289,1935,288,5.34964,20,16,1,0.776601,4559,4,105,16,0.477312,5.45,81,1,999,0.478906,9831.05,1,999,0.483333,9830,1,999,0.475845,9832
290,1946,289,5.36917,20,16,1,0.699941,4575,4,105,16,0.457569,4.95,81,1,999,0.478448,9831.15,1,999,0.483333,9830,1,999,0.47504,9832
291,1957,290,5.3683,20,16,1,0.630947,4591,4,105,16,0.440483,5.9,81,1,999,0.478488,9831.15,1,999,0.483333,9830,1,999,0.47504,9832
292,1968,291,5.36663,20,16,1,0.666852,4607,4,105,16,0.453599,6.15,81,1,999,0.478986,9831.05,1,999,0.483333,9830,1,999,0.476651,9832
293,1979,292,5.37172,20,16,1,0.699167,4623,4,105,16,0.469889,5.6,81,1,999,0.479334,9831,1,999,0.483333,9830,1,999,0.476651,9832
294,1989,293,5.38776,20,16,1,0.72825,4638,4,106,16,0.454468,5.1,81,1,999,0.479103,9831.05,1,999,0.483333,9830,1,999,0.474235,9832
295,1999,294,5.39214,20,16,1,0.754425,4654,4,106,16,0.458594,5.05,81,1,999,0.479063,9831.05,1,999,0.483333,9830,1,999,0.47504,9832
296,2010,295,5.40672,20,16,1,0.777983,4670,4,106,16,0.44932,4.85714,81,1,999,0.478769,9831.14,1,999,0.483333,9830,1,999,0.47504,9832
297,2020,296,5.41011,20,16,1,0.799184,4686,4,106,16,0.443675,4.85714,81,1,999,0.478627,9831.19,1,999,0.483333,9830,1,999,0.47504,9832
298,2029,297,5.41837,20,16,1,0.720266,4701,4,107,16,0.442809,5.28571,81,1,999,0.478845,9831.14,1,999,0.483333,9830,1,999,0.47504,9832
299,2037,298,5.41598,20,16,1,0.747239,4716,4,108,16,0.447931,4.8,81,1,999,0.478926,9831.15,1,999,0.484127,9830,1,999,0.475845,9832
300,2044,299,5.41804,20,16,1,0.771515,4730,4,110,16,0.443555,5.6,81,1,999,0.479155,9831.1,1,999,0.484127,9830,1,999,0.476651,9832
301,2053,300,5.4162,20,16,1,0.793364,4746,4,110,16,0.445859,6.3,81,1,999,0.479451,9831,1,999,0.484127,9830,1,999,0.476651,9832
302,2053,300,5.4162,20,16,1,0.793364,4746,4,110,16,0.445859,6.3,81,1,999,0.479451,9831,1,999,0.484127,9830,1,999,0.476651,9832
